Date,Agric,Food ,Soda ,Beer ,Smoke,Toys ,Fun  ,Books,Hshld,Clths,Hlth ,MedEq,Drugs,Chems,Rubbr,Txtls,BldMt,Cnstr,Steel,FabPr,Mach ,ElcEq,Autos,Aero ,Ships,Guns ,Gold ,Mines,Coal ,Oil  ,Util ,Telcm,PerSv,BusSv,Comps,Chips,LabEq,Paper,Boxes,Trans,Whlsl,Rtail,Meals,Banks,Insur,RlEst,Fin  ,Other
20040102,  -1.05,   0.21,   0.17,  -0.17,   0.45,  -0.34,   0.21,   0.34,  -0.25,   0.28,   1.14,   0.37,   1.46,   0.93,   1.91,   2.27,   0.36,  -1.24,   0.47,   2.34,   0.58,   0.29,   0.12,  -0.11,  -0.69,   2.12,   0.72,   2.75,   1.28,   0.52,   0.33,   1.36,   0.62,   0.94,   0.80,   1.10,   0.60,   0.53,  -0.84,   0.99,   1.10,  -0.54,  -0.06,  -0.03,   0.46,  -0.29,  -0.12,   0.16
20040105,   0.94,   0.74,   0.24,  -0.19,  -0.09,   0.07,   0.83,   0.61,   1.03,   0.99,   0.07,   0.72,   0.60,   2.41,   1.57,   2.60,   0.69,   0.10,   1.24,   5.36,   2.30,   1.82,   1.51,   0.47,   1.10,   0.96,   6.78,   3.94,   2.03,   1.71,   0.34,   1.75,   1.38,   2.27,   2.22,   3.23,   1.91,   1.50,   1.95,   0.29,   1.37,   0.29,   0.99,   0.26,  -0.14,  -0.10,   1.20,   1.16
20040106,   0.44,   0.19,   0.84,  -0.38,  -0.49,   0.54,   0.52,  -0.33,   0.53,   0.90,   0.29,   0.38,   0.70,  -0.36,   0.87,   0.99,   0.49,   1.30,  -0.31,   0.16,   0.25,   0.78,   0.50,   0.20,   0.15,  -1.25,  -2.05,  -0.66,  -0.20,   0.19,  -0.23,   1.38,   1.36,   1.01,   1.46,   1.76,   1.15,   0.10,  -0.53,   0.50,   0.79,   0.88,   0.57,  -0.05,   0.16,   1.03,   0.30,   0.27
20040107,  -0.55,  -0.08,  -0.16,   0.21,  -0.85,   0.59,   0.60,   0.03,   0.60,   0.00,   0.39,   0.75,   1.75,   0.63,   2.35,   1.13,  -0.07,  -0.03,  -0.67,  -0.78,   0.49,   1.34,   1.07,   0.43,   0.29,  -0.37,  -4.03,   0.35,  -1.96,  -0.41,   0.36,   1.28,   1.02,   1.23,   1.28,   2.03,   0.38,   0.42,   0.18,   0.95,   0.41,   1.33,   0.00,   0.16,   0.33,   2.54,   0.80,   0.26
20040108,  -0.83,   0.31,  -1.07,   0.65,   0.00,   0.61,   0.41,   1.42,   0.81,   0.84,   0.78,   0.71,   0.81,   1.34,   0.83,   0.89,   1.05,  -1.77,   1.62,   1.12,   0.92,   0.91,   0.81,   1.43,  -0.40,  -0.88,   1.85,  -0.74,  -0.30,   0.48,   0.38,   1.03,   0.75,   1.00,   1.88,   2.74,   1.30,   0.81,   1.53,  -0.15,   1.16,  -0.22,   0.14,   0.37,   0.54,  -0.86,   0.87,   0.69
20040109,   0.57,  -0.39,  -0.29,  -1.04,  -0.05,  -0.19,  -0.65,  -0.37,   0.07,  -0.21,   0.36,   0.69,   0.66,  -1.59,   0.17,   1.24,   0.13,   1.47,  -1.14,   1.17,   0.30,  -0.52,  -0.63,  -0.07,   1.61,  16.39,   2.57,   0.30,   1.41,   1.65,  -0.38,  -0.79,  -0.31,  -0.29,  -0.39,  -0.26,  -0.23,  -0.93,  -1.84,  -1.44,   0.17,  -0.64,  -0.19,  -0.42,  -0.47,   0.46,  -0.36,  -0.50
20040112,   0.00,   0.56,   1.21,   1.66,   1.52,   0.41,   1.02,   0.63,   0.96,   0.59,   0.88,   0.93,   1.53,   1.18,   0.56,   1.76,   1.13,   0.54,   0.23,  -0.17,   0.57,   1.22,   0.91,   0.07,  -0.24,  -0.98,   0.49,  -0.85,   0.10,   0.48,   0.14,   1.82,   1.68,   1.64,   1.76,   2.29,   1.66,   0.95,  -0.28,   0.89,   1.23,   0.56,   0.89,   0.54,   1.05,   0.51,   1.57,   0.96
20040113,  -0.73,  -0.35,  -0.40,  -0.44,   0.54,  -0.30,   0.12,  -0.12,   0.14,   0.09,  -0.21,   0.39,   0.07,  -0.41,  -0.02,  -0.05,   0.01,   0.00,  -0.27,   1.53,  -0.01,   0.34,  -0.36,  -0.61,   0.83,   0.77,  -3.11,   0.68,  -1.56,   0.17,   0.02,   0.69,   0.15,  -0.16,  -0.30,  -1.01,   0.03,  -0.90,  -0.16,  -0.20,   0.71,   0.14,  -0.09,  -0.19,   0.08,  -0.97,  -0.08,  -0.48
20040114,   1.19,   0.25,  -0.01,  -0.75,  -1.64,   0.23,   0.84,   1.11,   0.86,   1.77,   1.46,   0.67,   0.94,   0.60,   0.26,  -1.60,   0.59,   1.57,   0.28,  -0.68,   0.55,   1.79,   0.77,   2.02,  -0.29,  -1.47,  -6.23,  -0.30,   0.14,  -0.25,   0.61,   0.80,   0.67,   1.12,   1.28,   1.06,   1.83,   0.68,   0.07,   0.93,   0.85,   1.06,   0.77,   0.42,   0.80,   0.26,   1.00,   0.57
20040115,  -1.20,  -0.31,   0.05,  -0.34,   0.15,  -0.11,   0.60,  -0.02,  -0.35,   0.38,   1.06,  -0.02,   0.21,   0.64,   0.61,   1.13,  -0.11,   0.03,  -0.40,  -0.44,   0.23,  -0.05,   0.21,   1.09,  -0.47,   3.18,  -3.12,  -2.65,  -3.62,  -0.94,  -0.35,  -0.39,  -0.20,   0.37,  -0.03,   0.71,   0.49,   0.73,   0.65,   0.29,   0.10,   0.34,   0.41,   0.47,   0.17,  -0.37,  -0.19,   1.08
20040116,   0.66,   0.12,   0.56,  -0.21,   0.89,   1.63,  -0.50,   0.09,   0.26,   0.42,   1.47,   1.60,   1.48,   0.06,   0.19,   0.06,   0.90,   0.85,   0.02,   0.74,   1.04,   0.41,   1.13,   0.07,   1.38,   1.70,   0.79,  -2.34,   0.20,   0.44,   0.05,   1.15,   0.25,   1.13,   2.62,   3.50,   2.56,   0.60,   1.31,   0.65,   0.71,   0.10,   0.17,   0.27,   0.44,   1.41,   0.98,   0.51
20040120,   1.66,   1.43,   0.34,   1.38,   0.42,   0.57,   0.99,   1.23,   0.43,  -0.03,   2.39,   1.64,   1.32,   1.21,   0.56,   2.41,   0.89,   0.85,   2.22,   1.88,   1.06,   1.81,   0.19,  -1.20,  -0.48,   0.75,   3.91,   5.35,   3.89,   2.65,   0.97,   1.61,   1.57,   1.58,   1.88,   3.12,   1.67,   0.85,   1.14,   0.57,   1.16,   0.46,   0.60,   0.43,   1.07,   0.77,   0.96,   0.12
20040121,   0.53,   1.02,   1.40,  -0.17,   0.36,   0.28,   1.11,   2.17,   0.50,   0.28,  -0.36,   1.50,   1.60,  -0.36,   0.30,  -0.71,   0.97,   2.00,   0.08,   0.78,  -0.17,  -0.97,   0.94,   1.43,  -0.53,  -0.81,  -0.50,   1.53,   1.00,   0.53,   0.90,   0.33,   0.86,  -0.14,  -1.25,  -1.74,   0.24,  -0.07,  -0.75,   1.23,  -0.40,   1.34,   0.64,   0.39,   0.56,   0.16,   0.87,   0.78
20040122,   0.05,  -0.34,   2.60,   0.25,  -1.01,  -1.48,  -0.22,   1.24,  -0.52,  -0.87,   0.25,  -0.18,  -0.60,  -1.04,   0.16,   0.24,   0.04,  -0.25,  -0.18,   1.20,  -0.54,  -1.31,   0.09,   0.10,   2.14,  -1.88,  -2.39,   1.27,   0.20,  -1.44,  -0.03,  -0.59,   0.07,  -0.54,  -0.60,  -1.98,  -0.35,  -0.16,  -1.87,   0.98,  -0.40,   0.12,  -0.03,  -0.32,  -0.22,   0.39,  -0.69,  -0.52
20040123,  -0.64,   0.87,  -2.12,   0.78,   1.36,   0.00,  -0.11,  -0.32,   0.52,  -0.03,   0.16,   0.77,   0.78,   0.07,   0.30,   0.20,   0.38,   0.74,   0.39,   0.46,   0.56,   0.80,  -0.11,   0.51,   0.11,   0.97,  -1.45,  -2.19,  -2.33,   1.85,   0.16,   0.46,   1.22,   0.49,   0.40,   0.35,   0.69,  -0.66,  -1.69,   1.20,   0.27,   0.34,  -0.05,   0.54,   0.44,   1.23,   0.23,  -0.27
20040126,   2.22,   0.70,   1.14,   0.73,   1.37,  -0.34,   1.42,   0.01,   0.99,   0.58,   0.99,   1.34,   1.75,   1.13,   0.03,   0.78,   0.67,   0.12,  -0.40,   0.38,   0.30,   1.10,   0.20,   0.26,   1.10,   2.63,  -1.69,   0.33,  -0.85,   1.16,  -0.20,   1.17,   1.34,   1.30,   1.68,   1.56,   1.47,   0.76,   1.15,  -0.24,   0.32,   0.52,   1.05,   0.66,   1.02,   1.21,   1.31,   0.79
20040127,   0.90,   0.02,   0.26,   0.15,  -1.39,   0.21,  -0.22,  -0.84,  -0.21,  -0.51,   0.71,   0.11,  -0.03,  -0.18,   0.13,   2.60,  -0.06,  -0.31,  -0.07,   1.12,  -0.30,  -0.87,  -0.29,  -0.18,  -1.21,  -0.98,   3.42,   0.35,   0.12,  -0.27,  -0.45,  -1.10,  -0.27,  -0.65,  -0.83,  -1.18,  -0.46,   0.04,  -0.08,  -0.71,  -0.41,  -0.46,   0.02,  -0.14,  -0.57,  -0.36,  -0.18,  -0.71
20040128,  -2.48,  -1.04,  -1.07,   0.00,   1.07,  -0.49,  -2.00,  -0.39,  -1.46,  -1.50,  -1.70,  -1.37,  -1.73,  -0.28,  -0.07,  -0.90,  -0.99,  -3.34,  -1.80,  -1.28,  -1.51,  -1.95,  -1.65,  -1.03,  -1.41,  -1.74,  -0.81,  -2.41,  -7.21,  -1.13,  -0.29,  -2.80,  -1.33,  -1.70,  -1.92,  -1.92,  -1.07,  -1.48,  -1.41,  -1.78,  -1.39,  -1.68,  -1.24,  -0.77,  -1.15,  -0.40,  -1.63,  -1.02
20040129,   0.07,  -0.59,   1.32,  -0.16,   0.76,  -1.05,  -0.10,   0.59,  -0.23,  -0.72,  -0.66,  -0.63,  -0.68,  -0.94,  -0.83,  -3.20,  -0.76,  -1.58,  -1.87,  -0.85,  -1.14,  -0.62,  -0.89,  -0.73,   0.38,  -1.07,  -4.33,  -3.07,  -0.97,  -1.98,  -0.07,  -1.27,  -0.43,  -1.21,  -2.14,  -1.97,  -1.78,  -0.81,   0.32,  -0.25,  -0.36,   0.07,   0.21,  -0.18,   0.06,  -0.58,  -0.97,  -1.04
20040130,  -0.36,  -0.15,  -1.66,  -0.73,   1.55,   0.01,   0.24,  -0.30,  -0.10,  -0.20,   1.23,   0.81,  -0.22,   0.04,   0.13,   0.64,  -0.32,   0.85,   1.67,  -0.98,   0.26,  -0.26,  -1.08,  -0.18,  -1.98,  -0.51,   1.64,   0.29,   2.55,  -0.19,  -0.01,   0.39,   1.40,   0.76,   0.54,   0.71,   1.25,  -0.48,  -0.86,  -1.45,   0.35,   0.07,   0.38,   0.27,   0.36,   0.93,   0.65,   0.12
20040202,   0.20,  -0.18,   2.37,  -0.51,   0.32,  -0.88,  -0.23,   0.08,  -0.15,   0.13,  -0.18,   0.77,   0.42,  -0.54,   0.92,  -0.94,   0.24,  -0.06,   0.11,  -0.41,  -0.50,   0.32,  -0.43,  -0.78,  -0.29,  -0.90,   0.42,  -6.38,  -2.50,   0.59,   0.02,  -0.07,   0.29,   0.38,  -0.25,  -0.40,  -0.79,  -0.20,  -0.19,  -0.96,  -0.12,   0.53,   0.08,   0.01,   0.36,  -1.30,  -0.55,  -0.04
20040203,   1.38,   0.07,   0.06,   0.07,  -1.36,  -0.09,   0.68,  -0.42,  -0.43,   0.11,   0.06,   0.37,   0.39,  -1.29,  -0.39,  -0.60,  -0.06,   0.60,   0.20,  -0.04,  -0.56,   0.32,   0.22,  -0.11,   0.16,   1.13,   1.17,  -0.91,  -0.69,  -0.54,   0.52,  -0.63,  -0.35,  -0.41,  -0.10,  -0.45,  -0.48,   0.20,  -0.57,  -0.37,   0.18,  -0.17,   0.07,   0.10,   0.02,   0.54,   0.33,   0.46
20040204,  -2.28,  -0.36,   0.94,  -0.37,  -0.11,  -1.31,  -1.24,  -0.76,  -1.00,  -1.39,  -0.93,  -1.54,  -2.66,  -1.97,  -1.89,  -1.60,  -1.75,  -1.95,  -2.22,  -1.53,  -1.89,  -2.54,  -1.09,  -1.48,  -1.37,   0.29,  -0.55,  -3.15,  -1.44,  -1.56,  -1.36,  -2.09,  -1.16,  -2.00,  -3.13,  -3.79,  -2.71,  -0.79,  -1.53,  -1.39,  -1.26,  -0.70,  -0.51,  -0.74,  -1.21,  -0.56,  -1.38,  -1.17
20040205,   0.45,   0.53,   0.31,   1.33,   2.05,   0.31,   1.10,  -0.41,  -0.14,   1.26,  -0.58,  -0.23,  -0.39,   0.90,  -0.33,  -0.10,   0.61,   1.15,   0.72,  -0.51,   0.80,   0.76,   0.81,   0.30,   1.05,  -0.71,   1.85,  -2.15,  -0.32,  -1.12,  -0.34,  -0.05,   0.90,   0.15,   0.16,   0.91,  -0.06,   0.31,  -0.88,   0.42,   0.09,   0.61,   0.47,   0.51,   0.37,   1.37,   0.21,   0.77
20040206,   0.82,   0.60,   0.59,   1.66,   2.48,   0.31,   1.21,   0.90,   1.43,   1.23,   1.44,   2.09,   1.94,   2.09,   2.68,   1.97,   1.51,   2.83,   2.92,   2.27,   2.51,   1.19,   2.20,   1.14,   0.93,  -0.17,   7.08,   3.29,   2.47,   1.28,   1.20,   1.67,   0.94,   2.01,   2.76,   3.57,   2.20,   1.14,   3.19,   2.22,   1.35,   1.95,   0.72,   0.86,   0.94,   0.24,   1.62,   1.86
20040209,   0.13,   0.28,   0.23,  -0.23,  -0.34,   0.46,   0.18,   1.06,   0.36,  -0.22,   0.53,   0.30,   0.89,   0.24,   0.21,  -1.39,   0.18,  -0.28,   1.55,  -1.27,   0.11,   0.11,   0.20,  -1.23,  -0.45,   0.18,   2.97,   4.05,   3.32,   1.67,   0.31,   0.44,   0.67,   0.47,   0.08,   0.29,   0.44,  -0.10,   1.22,   0.93,   0.56,   0.59,  -0.10,   0.07,   0.39,   0.87,   0.15,  -0.35
20040210,   1.09,   1.47,   0.80,   1.19,   0.12,   2.45,   0.24,   0.62,   0.71,   0.15,  -0.19,   0.77,   1.21,   1.05,   1.06,   0.26,   1.62,   0.25,   0.71,   0.26,   0.98,   0.96,   0.87,   1.32,   0.71,   1.85,   0.12,  -0.52,  -0.98,   1.78,   1.29,   1.26,   0.28,   0.95,   1.16,   0.96,   0.20,   0.75,   2.62,   0.53,   0.67,   0.44,   0.36,   0.65,   0.96,   0.46,   0.34,   1.43
20040211,   1.20,   1.00,   0.58,  -0.67,   1.17,  -0.42,   1.14,   2.42,   0.29,   0.85,   0.81,   0.40,   0.82,   1.31,   1.07,   1.43,   1.40,   2.15,   1.49,   0.55,   0.45,   1.03,   0.65,   1.09,  -0.72,   2.06,   3.79,   1.76,   0.65,   0.66,   0.25,   1.03,   0.30,   0.66,   0.74,   0.88,   0.89,   0.58,  -0.07,   0.91,   0.67,   1.08,   0.49,   0.48,   0.14,  -0.40,   0.76,   0.41
20040212,  -1.46,  -0.88,   0.18,   0.31,   3.66,  -0.57,  -0.39,  -0.10,  -0.28,  -0.25,   0.02,   0.16,  -0.39,  -0.20,  -0.20,  -0.52,  -0.53,  -0.51,   0.12,  -1.08,  -0.08,  -0.35,  -0.89,  -0.30,   0.17,   1.31,  -0.26,  -0.06,   0.63,   0.32,  -0.23,  -0.63,  -0.45,  -0.47,  -0.40,  -1.11,   0.39,  -0.20,  -0.90,   0.18,  -0.51,  -0.39,   0.09,  -0.33,   0.29,  -0.28,  -0.38,  -0.49
20040213,   0.18,   0.02,   1.39,   0.21,   1.74,  -0.64,  -0.65,  -0.45,  -0.34,  -0.36,  -0.67,  -0.39,  -0.59,  -1.12,  -0.78,  -0.97,  -0.24,  -0.67,  -0.76,  -0.46,  -0.92,  -0.93,  -1.04,  -0.68,  -0.92,   0.73,  -2.21,  -1.27,   0.40,  -0.84,  -0.51,  -1.12,  -0.11,  -1.06,  -0.98,  -1.50,  -0.48,  -0.91,  -1.66,  -1.27,  -0.52,  -0.76,   0.09,  -0.33,  -0.41,  -0.50,  -0.38,  -0.31
20040217,   1.82,   0.87,   0.15,  -0.05,  -0.58,   0.09,   0.19,   0.94,   1.59,   0.52,   1.33,   0.73,   0.69,   1.22,   1.39,   2.05,   0.56,   1.32,   2.15,   1.22,   1.21,   0.90,   1.15,   0.17,  -0.31,   3.31,   4.29,   2.14,   2.63,   1.27,   0.98,   0.78,   0.27,   1.05,   0.73,   1.41,   0.75,   0.80,   1.35,   0.41,   0.81,   1.69,   1.45,   0.74,   0.91,   0.15,   0.97,   0.77
20040218,  -0.38,  -0.54,   0.80,  -0.64,   1.09,   0.61,  -0.47,  -0.22,  -0.09,   0.52,   0.18,  -0.97,  -0.03,  -0.01,  -0.47,   0.25,   0.38,  -0.68,  -0.31,   0.84,  -0.74,  -0.59,  -1.48,  -0.67,   0.70,  -0.80,  -4.48,  -0.83,  -0.04,  -0.89,  -0.36,  -1.28,  -0.76,  -0.33,  -0.74,  -0.14,  -0.92,  -0.41,   1.94,  -0.76,  -0.40,  -0.05,   0.32,  -0.14,  -0.22,  -0.74,   0.95,  -0.82
20040219,  -0.66,   0.29,   0.10,   0.81,   1.87,  -0.59,   0.50,  -0.84,  -1.11,  -0.44,  -1.50,  -0.70,  -1.23,  -0.42,   0.77,   0.26,  -0.71,  -1.28,  -1.36,  -1.04,  -0.85,  -0.53,  -0.79,  -0.42,  -1.88,  -2.19,   0.73,  -0.86,  -1.46,  -0.58,  -0.55,  -1.36,  -0.83,  -1.31,  -1.58,  -1.45,  -0.74,   0.15,  -0.55,   0.09,  -0.80,  -0.87,  -0.44,  -0.39,  -0.90,  -0.30,  -0.58,  -0.83
20040220,  -0.13,   0.10,  -0.51,   0.92,  -0.52,  -0.10,  -0.31,  -0.52,  -0.14,   0.45,  -0.71,  -0.91,  -0.63,  -0.45,   0.35,  -0.22,  -0.14,  -0.08,  -1.36,   0.63,  -0.70,  -0.90,  -0.86,  -0.13,  -1.96,   0.36,  -2.43,  -2.20,  -1.76,  -0.20,  -0.35,  -0.49,  -0.31,  -0.86,  -0.90,  -1.50,  -0.93,  -0.16,   0.64,  -0.34,  -0.60,  -0.04,   0.00,  -0.05,   0.30,   0.21,  -0.35,  -0.21
20040223,  -0.84,  -0.70,  -1.22,  -0.76,   0.21,   0.84,  -0.58,  -0.73,  -0.32,  -0.56,  -1.54,  -1.94,  -1.86,  -1.62,  -0.24,  -1.94,  -0.76,  -0.85,  -0.94,  -0.21,  -1.68,  -1.91,  -1.03,  -1.78,   1.05,  -3.52,  -3.19,  -4.13,  -0.56,  -0.59,  -0.26,  -2.10,  -0.93,  -1.96,  -2.24,  -2.58,  -2.27,  -0.38,  -1.15,  -1.10,  -0.99,  -1.02,  -0.33,  -0.32,  -0.51,  -0.39,  -1.21,  -0.72
20040224,  -1.10,   0.05,  -0.03,  -0.66,   1.61,  -0.37,  -0.78,  -0.04,  -0.11,   1.48,  -0.47,  -0.65,  -0.82,   0.28,  -0.52,   1.54,   0.11,   0.57,   0.41,   0.16,  -0.52,  -0.13,   0.13,  -0.35,  -2.60,  -0.64,   4.08,   0.47,  -0.03,   0.42,   0.01,  -0.03,   0.54,  -0.52,  -0.75,  -0.43,  -1.08,  -0.02,  -0.58,  -0.04,  -0.03,   0.13,   0.09,  -0.03,   0.28,   0.20,  -0.35,  -0.22
20040225,   1.59,   0.04,   0.81,  -0.71,   3.75,   0.75,   0.90,  -0.10,   0.45,   1.36,   0.85,   0.75,   1.21,   0.33,  -0.16,  -1.89,   0.70,   0.55,   0.67,   1.02,   1.21,   0.48,   0.92,   0.19,   0.94,   1.51,  -0.42,  -0.99,   0.56,   0.97,   0.58,   0.38,  -0.65,   0.67,   1.48,   1.68,   0.64,   1.03,   1.05,   0.68,   0.98,   1.07,   0.91,   0.44,   0.47,  -0.26,   0.77,   0.29
20040226,   1.42,   0.20,   0.28,   0.64,  -1.51,   0.22,   1.09,   0.63,   1.05,   0.26,   0.62,   1.42,   1.31,   0.61,  -0.10,   1.78,   0.22,   1.89,   0.85,   0.18,   1.01,   0.84,  -0.05,  -0.06,   1.60,  -0.15,   1.17,  -0.33,   2.13,   1.46,   0.32,   0.63,   0.44,   1.03,   1.43,   1.03,   0.98,  -0.10,  -0.07,   0.56,   0.91,   0.85,   1.04,   0.19,   0.06,   0.42,   0.77,   1.02
20040227,  -0.61,   0.68,   1.98,   0.91,   3.32,   1.04,   0.98,   1.06,   0.23,  -0.40,   0.19,   0.36,   0.83,   1.05,   0.46,   1.79,   0.48,   0.76,   1.80,   0.13,   0.99,  -0.23,   0.64,   0.56,   0.38,   0.70,  -0.38,  -1.72,   2.99,   0.72,   0.74,   0.87,   0.69,   0.57,   0.43,   0.57,   0.42,   0.12,   0.10,   0.55,   0.62,   0.54,   0.58,   0.30,   0.53,   0.18,   0.02,   0.52
20040301,   0.65,   1.53,   2.81,   0.46,   0.83,   0.69,   1.79,   0.25,   0.90,   0.85,   0.98,   1.28,   1.24,   0.97,   0.39,   1.14,   1.23,   2.62,   3.39,   0.74,   3.12,   1.59,   1.10,   0.47,   0.00,   1.05,   0.86,   5.42,   6.01,   2.43,   1.02,   1.68,   0.86,   1.35,   1.99,   1.43,   1.25,   0.71,   1.91,   1.26,   1.23,   1.44,   0.36,   0.33,   0.67,   1.52,   1.21,   2.34
20040302,  -0.23,  -0.68,   0.06,   0.88,  -0.37,  -0.21,  -0.65,   0.99,   0.30,  -0.07,  -0.45,  -0.57,  -0.06,   0.02,  -0.10,  -0.92,  -0.37,  -0.37,   1.70,   0.77,  -0.37,  -0.09,  -0.44,  -0.14,  -0.91,   3.49,  -2.81,  -1.47,   0.64,   0.67,  -0.06,  -0.85,  -0.39,  -0.19,  -0.86,  -0.53,  -0.23,  -0.17,  -0.60,  -0.71,  -0.04,  -0.35,   0.26,  -0.51,  -0.44,  -0.84,  -0.16,  -0.21
20040303,   0.39,  -0.13,   1.62,   0.64,  -0.67,   1.29,   0.24,   0.97,   0.45,  -0.40,   0.09,   1.20,   0.44,   0.21,   0.49,   1.83,   0.41,   0.11,  -0.96,   0.31,  -0.50,   0.97,  -0.13,  -0.38,  -1.52,  -0.33,   0.16,  -0.41,  -0.27,   0.23,   0.03,   0.17,   1.35,   0.39,  -0.02,  -0.44,  -0.42,  -0.52,  -0.91,   0.19,   0.48,   0.76,   0.30,   0.12,   0.53,   0.12,   0.19,   0.39
20040304,  -1.32,   0.56,   1.33,   0.78,  -0.53,  -0.07,   0.72,   0.01,   0.94,   1.07,   0.65,   0.86,   1.70,   0.71,  -0.02,   0.14,   0.64,   1.05,   1.47,  -0.15,   0.39,   1.97,   0.59,   0.88,   1.49,  -0.33,   0.92,   1.31,   0.39,   0.30,   0.42,   1.44,   1.50,   1.49,   1.03,   1.37,   1.26,   0.78,   0.46,   0.22,   0.69,   0.93,   0.76,   0.30,   0.65,   0.22,   1.04,   0.34
20040305,   0.39,   0.51,   1.29,  -0.32,   0.53,   0.37,   0.60,  -1.20,   0.16,  -0.11,  -0.18,   0.37,   0.66,  -0.30,  -0.15,  -0.05,   0.87,   1.14,  -0.24,   0.55,   0.00,  -0.09,   0.68,  -0.34,   0.94,  -1.52,   1.94,   0.52,   2.31,   0.95,   0.25,  -0.32,  -0.11,   0.19,  -0.05,  -0.08,   0.55,   0.15,  -4.86,   0.17,   0.53,   0.17,   0.61,   0.46,   0.03,   0.44,   0.08,  -0.48
20040308,  -1.04,  -0.02,   0.20,  -0.26,  -1.01,   0.54,   0.36,  -0.30,  -0.54,   0.04,  -0.91,   0.02,  -1.11,  -0.76,   0.47,  -0.17,  -0.05,  -0.15,  -0.29,  -1.55,  -1.21,  -1.16,  -1.32,  -0.41,  -0.86,   1.75,  -1.45,  -0.67,   0.38,   0.11,  -0.36,  -1.17,  -1.17,  -0.97,  -1.86,  -2.49,  -1.58,  -0.71,  -1.17,  -0.49,  -0.84,  -0.74,   0.27,  -0.38,  -0.15,   0.20,  -0.18,  -0.31
20040309,  -0.61,   0.03,  -0.01,   0.58,  -0.40,  -1.11,  -0.75,  -0.89,  -1.00,  -0.21,  -0.24,  -0.98,  -1.29,  -1.03,  -0.05,  -1.61,  -0.56,  -0.27,  -2.18,   1.54,  -0.96,  -0.88,  -0.62,  -0.69,  -0.18,  -1.28,   0.80,  -1.12,  -1.73,  -0.92,  -0.21,  -1.20,  -0.10,  -1.13,  -2.29,  -1.66,  -0.96,  -0.82,  -1.12,  -1.09,  -0.39,  -0.65,  -1.13,  -0.25,  -0.42,   0.35,  -0.95,  -1.04
20040310,   1.38,   0.19,  -0.56,  -0.40,  -0.80,  -1.70,  -0.86,   0.81,  -1.37,  -1.11,  -1.46,  -1.03,  -2.46,  -2.28,  -0.57,  -1.45,  -1.54,  -2.68,  -2.99,  -2.89,  -2.07,  -1.44,  -2.08,  -1.76,  -1.94,  -1.00,  -5.25,  -1.08,  -3.04,  -2.20,  -1.12,  -2.80,  -1.60,  -2.03,  -1.75,  -1.95,  -2.06,  -1.27,  -1.88,  -1.26,  -1.84,  -1.73,  -0.75,  -0.66,  -0.97,  -1.05,  -1.82,  -1.27
20040311,  -0.32,  -0.42,  -2.72,  -0.92,  -0.43,  -2.23,  -1.32,  -1.56,  -2.21,  -1.30,  -1.11,  -1.60,  -1.68,  -0.49,  -1.20,   0.60,  -1.29,  -0.66,  -1.27,  -0.85,  -1.86,  -1.92,  -1.10,  -0.16,  -1.77,  -0.44,   0.93,  -1.19,   0.67,  -1.77,  -0.96,  -1.69,  -1.77,  -1.25,  -1.41,  -1.39,  -1.63,  -1.38,  -1.67,  -0.69,  -1.38,  -1.28,  -0.55,  -0.62,  -1.29,  -0.95,  -1.28,  -1.03
20040312,   0.83,   0.47,   0.24,   0.40,   0.34,   1.27,   1.55,   0.22,   1.81,   1.28,   0.78,   1.53,   2.12,   2.12,   0.38,   0.44,   1.60,   2.03,   2.36,   0.62,   2.36,   2.42,   1.72,   0.53,   2.48,   0.82,   0.13,   2.23,   0.86,   1.37,   1.24,   2.40,   1.74,   1.74,   2.94,   2.79,   1.82,   1.87,   2.20,   2.20,   1.71,   1.88,   1.49,   1.26,   1.73,   1.21,   1.15,   1.75
20040315,  -1.30,  -1.50,  -0.34,  -1.70,  -1.80,  -2.10,  -1.73,  -2.55,  -1.55,  -1.72,  -1.49,  -1.58,  -2.58,  -2.56,  -1.69,  -1.37,  -1.47,  -0.94,  -2.13,  -1.12,  -1.47,  -1.90,  -2.07,  -1.24,   0.30,  -1.08,  -3.69,  -1.63,  -1.63,  -0.27,  -0.67,  -2.85,  -1.07,  -2.32,  -2.71,  -2.85,  -2.25,  -1.97,  -1.75,  -2.58,  -1.88,  -1.82,  -1.01,  -1.32,  -1.60,  -0.36,  -2.08,  -1.74
20040316,   0.70,  -0.15,  -0.60,   0.07,  -0.05,   0.35,   0.65,   0.50,   0.00,   0.09,  -0.24,  -0.25,  -1.28,   0.41,  -0.15,  -0.55,  -0.34,   0.11,  -1.26,  -2.71,  -0.08,  -1.02,   0.00,  -0.38,  -0.46,  -0.95,   1.28,   0.34,  -0.53,  -0.66,   0.04,   0.06,   0.04,  -0.40,  -0.90,  -0.65,  -0.41,  -0.03,   0.04,  -0.45,  -0.11,  -0.15,  -0.47,   0.24,   0.01,   0.15,  -0.34,   0.10
20040317,   2.06,   0.83,   1.21,   0.77,  -0.06,   0.82,   1.49,   1.44,   0.78,   0.14,   1.13,   1.31,   1.93,   1.44,   0.42,  -0.31,   2.24,   0.81,   3.05,   1.54,   1.61,   1.96,   2.01,   1.07,   1.21,   2.38,   0.29,   1.74,  -0.21,   1.50,   1.32,   2.57,   1.81,   1.78,   2.18,   2.20,   1.77,   1.90,   2.29,   1.47,   0.97,   1.49,   0.84,   0.82,   1.07,   0.19,   1.51,   1.27
20040318,  -0.46,   0.05,   0.18,   0.06,   0.90,  -0.54,  -0.18,   0.30,  -1.37,  -0.14,  -0.19,  -0.41,  -0.27,  -0.10,   0.56,  -0.59,  -0.85,  -0.68,  -0.15,  -0.81,  -0.39,  -0.68,  -0.66,  -1.47,   0.29,   0.70,   3.80,  -0.95,  -0.58,   0.60,  -0.53,  -0.30,  -0.38,  -0.43,  -0.47,  -0.77,  -0.78,  -0.41,  -0.55,   0.08,  -0.51,  -0.27,  -0.76,  -0.39,   0.12,   0.59,  -0.49,   0.42
20040319,  -0.10,   0.03,  -0.05,   0.15,  -2.17,   0.55,  -0.19,  -0.52,  -0.19,  -0.24,  -0.31,  -0.08,  -0.10,   0.19,  -0.13,  -0.33,  -0.60,  -0.50,   2.18,   0.49,  -0.92,   0.21,  -1.04,   0.59,  -0.76,  -1.31,   0.23,   0.67,   0.26,  -0.07,  -0.43,  -0.58,  -0.01,  -0.14,  -0.85,  -1.16,  -0.45,  -0.79,  -1.08,  -1.34,  -0.28,  -0.27,  -0.22,  -0.37,  -0.50,   0.46,  -0.45,  -0.14
20040322,  -1.18,  -1.05,  -3.50,  -0.03,  -0.38,  -0.84,  -1.56,  -0.39,  -1.23,  -1.17,  -1.56,  -1.91,  -3.03,  -1.51,  -2.24,  -1.75,  -1.77,  -1.92,  -2.32,  -0.95,  -2.11,  -1.88,  -1.99,  -1.22,  -1.64,   0.31,  -0.52,  -2.06,  -2.26,  -1.26,  -1.01,  -3.33,  -1.19,  -2.32,  -2.76,  -2.86,  -1.37,  -1.41,  -2.34,  -1.28,  -1.50,  -1.40,  -0.25,  -0.76,  -1.36,  -1.64,  -2.26,  -1.97
20040323,  -1.10,   0.42,   0.89,  -0.24,   0.43,  -0.47,   0.47,   0.67,   0.01,  -0.24,  -0.15,  -0.10,  -0.30,   0.52,   0.03,  -0.18,   0.51,   1.01,  -0.10,  -1.29,   0.08,   0.34,  -0.25,   0.78,  -0.80,   0.06,   1.50,   0.56,  -0.32,  -0.80,   0.20,  -0.16,   0.05,   0.23,   0.20,  -0.09,  -0.67,   0.36,   0.07,   0.46,   0.18,   0.27,  -0.21,   0.30,   0.58,   1.50,   0.14,   0.47
20040324,   0.40,  -0.11,  -0.42,  -0.63,  -0.68,  -0.52,   1.42,  -0.15,  -0.82,  -0.13,   0.02,  -0.03,  -0.12,  -0.43,  -0.20,  -0.82,  -0.65,  -0.38,  -1.43,  -0.70,  -0.47,  -0.94,  -0.64,  -0.44,   0.16,   0.96,  -2.26,  -1.86,  -1.09,  -1.53,  -0.60,  -0.87,   0.40,  -0.06,   0.29,   0.40,   0.05,  -0.47,  -1.01,  -0.32,  -0.11,  -0.27,  -0.15,  -0.33,  -0.39,  -0.94,  -0.04,  -0.02
20040325,   0.66,   0.52,   0.92,   0.98,   2.54,   0.64,   1.87,  -0.30,   2.09,   1.16,   1.54,   1.07,   2.07,   2.08,   0.75,   1.77,   1.46,   0.98,   1.80,   1.55,   1.71,   1.87,   1.63,   0.89,   0.85,   1.06,   2.67,   1.73,   1.84,   0.02,   0.41,   1.90,   1.58,   2.09,   2.46,   2.92,   0.88,   1.08,   1.82,   1.95,   1.21,   1.64,   0.86,   0.83,   1.03,   1.07,   1.55,   0.55
20040326,  -1.22,  -0.67,   1.58,  -0.02,   3.55,  -0.36,   0.28,   0.13,  -0.19,   0.14,   0.02,   0.77,   0.15,   0.22,   0.09,  -0.83,   0.55,   0.15,   2.02,   1.97,   0.55,   0.27,   0.92,   0.56,  -0.06,   0.14,   0.47,   1.47,   1.10,   0.74,   0.09,   0.42,  -0.11,   0.88,   0.73,   0.84,   0.63,   0.80,   1.55,   0.98,   0.26,   0.13,   0.11,  -0.10,  -0.12,  -0.77,   0.22,   0.53
20040329,   0.51,   1.03,   1.44,  -0.03,  -2.16,   1.92,   2.51,   1.80,   1.07,   1.53,   0.56,   1.35,   2.34,   2.41,   1.34,   0.40,   1.05,   0.66,   1.19,   0.66,   1.73,   2.15,   1.63,   0.55,   0.03,   1.79,   0.17,   1.11,   1.24,   1.36,   0.84,   0.68,   1.21,   1.37,   2.03,   1.55,   1.24,   0.80,   1.95,   1.35,   1.43,   1.19,   1.21,   0.78,   0.99,   0.45,   1.25,   0.24
20040330,   1.29,   0.31,  -0.48,  -0.74,  -1.37,   0.88,  -0.46,   0.16,  -0.66,   0.69,   1.04,   1.21,   0.89,   0.63,   0.19,   0.75,   1.18,   1.69,   0.53,   1.05,   0.82,   0.89,   1.21,   0.69,   0.91,   1.74,   0.01,   1.43,   2.37,   1.02,   0.56,   0.86,   0.85,   1.10,   0.98,   0.75,   0.84,  -1.32,   0.57,  -0.19,   0.79,   0.38,   0.98,   0.16,   0.55,   0.18,   0.90,   1.14
20040331,   0.27,   0.50,   1.07,   0.24,   2.15,   0.26,  -0.02,   0.37,  -0.40,   0.01,   0.60,   1.23,   0.24,   0.27,   0.85,   1.41,  -0.38,  -0.29,   0.13,   0.46,   0.42,  -0.12,   0.27,   0.61,  -0.03,   1.23,   1.16,  -0.10,   0.88,   1.22,   0.52,   0.34,   0.57,   0.35,  -0.24,  -0.27,   0.49,   0.83,   0.55,   0.69,   0.22,   0.35,  -0.13,   0.56,   0.45,   0.10,   0.53,   0.62
20040401,  -1.18,   0.49,   1.54,   0.71,   3.80,   1.61,   0.92,   1.30,   0.05,   0.24,   0.98,   0.35,   0.76,   1.22,   0.76,   0.84,   1.00,   0.41,   0.10,  -0.43,   0.83,   1.09,   0.49,   0.24,  -0.37,  -0.30,   0.35,   1.18,   1.51,  -1.09,   0.79,   1.08,   1.25,   0.90,   0.65,   1.40,   1.21,   0.82,   0.93,   0.66,   0.33,   0.28,   0.67,   0.50,   1.24,   0.45,   0.98,  -0.12
20040402,   1.04,   0.42,  -0.50,   0.81,  -1.22,   0.97,   0.88,   1.78,   1.22,   0.53,   1.03,   1.31,   1.86,   1.14,   1.22,   0.77,   0.96,  -1.46,   2.46,   1.90,   1.96,   1.34,   1.74,   2.08,   3.14,   1.37,  -0.56,   3.55,   4.55,   0.58,  -0.13,   1.07,   1.54,   1.68,   2.21,   2.88,   1.74,   0.70,   1.32,   1.96,   1.48,   1.03,   0.70,   0.06,   0.78,   0.31,   0.60,   1.61
20040405,  -0.13,   0.30,   0.46,  -0.08,  -0.86,   1.33,   1.90,  -0.05,   3.85,   0.77,   0.87,   1.59,   1.19,   0.45,   1.28,   0.66,   0.91,  -0.27,   0.43,   0.92,   0.77,   1.37,   1.40,   1.14,  -0.09,  -0.70,  -2.84,  -0.96,   0.70,   0.66,   0.37,   1.44,   1.52,   1.30,   2.29,   2.39,   2.25,  -0.22,  -0.33,   0.08,   0.49,   1.08,   0.69,   0.19,   0.90,  -0.77,   0.20,  -0.16
20040406,  -0.42,   0.53,   0.29,   0.45,  -0.93,   0.23,  -0.07,  -0.79,  -0.54,   0.05,   0.66,  -0.51,  -0.78,  -0.47,   0.20,  -0.25,  -0.37,   0.28,   0.32,  -1.19,  -0.58,  -0.58,  -0.19,  -0.14,  -0.84,   1.87,  -0.31,   0.24,   0.49,  -0.40,  -0.17,  -1.02,  -0.76,  -1.12,  -0.74,  -1.51,  -0.79,  -0.01,  -0.04,   0.09,  -0.52,  -0.13,   0.06,  -0.44,  -0.55,  -0.86,  -0.45,   0.09
20040407,   0.45,   0.11,   0.27,  -0.11,   0.41,   0.38,  -0.38,   0.10,   0.13,  -0.20,  -0.40,   0.03,   0.26,  -0.38,  -0.55,  -0.05,   0.17,  -0.04,  -0.43,   0.07,  -0.09,   0.99,  -0.58,   0.74,   0.33,   1.23,   0.04,  -0.72,  -0.74,   1.05,  -0.31,  -0.45,   0.08,   0.23,   0.38,   0.25,   0.56,  -0.40,  -0.15,  -0.27,   0.73,   0.01,   0.20,  -0.10,  -0.09,   0.85,   0.13,  -0.33
20040408,  -0.38,   0.22,   0.91,  -0.31,  -0.24,  -0.19,  -0.37,  -0.21,  -0.18,  -0.29,  -0.35,  -0.28,  -0.72,  -0.23,  -0.76,   0.35,  -0.30,  -1.25,   0.01,   0.95,   0.01,   0.85,  -0.40,   0.20,   0.48,   1.78,  -1.83,  -1.22,   0.59,   0.65,  -0.27,  -0.21,   0.50,   0.32,   1.29,   1.27,  -0.36,  -0.68,  -0.68,  -0.67,  -0.26,  -1.20,  -0.36,  -0.12,  -0.13,  -0.42,   0.07,  -0.42
20040412,   0.40,   0.21,  -0.12,   0.33,   0.31,   0.23,   0.55,  -0.43,   2.03,   1.06,   0.49,   0.39,  -0.08,   1.24,   0.59,   1.44,  -0.16,  -0.55,   1.12,   1.22,   0.92,   2.41,   0.85,   0.51,  -0.22,   4.65,  -0.62,   0.36,   0.56,   1.97,  -1.07,   1.27,   6.97,   1.13,   0.92,   1.88,   1.75,   0.65,   0.57,   0.21,   1.24,   0.30,   0.55,  -0.07,   0.39,   0.37,  -0.02,   1.42
20040413,  -1.45,  -0.74,  -1.32,  -1.19,  -0.12,  -0.63,  -1.35,  -1.41,  -1.69,  -1.42,  -1.27,  -1.97,  -1.88,  -1.98,  -1.23,  -1.11,  -1.25,  -1.86,  -2.21,  -0.86,  -0.94,  -1.68,  -1.03,  -0.35,  -0.55,  -1.28,  -7.44,  -4.38,  -3.75,  -0.95,  -1.80,  -1.84,  -1.01,  -1.26,  -0.46,  -2.38,  -2.03,  -1.46,  -1.78,  -1.63,  -1.60,  -1.61,  -0.99,  -1.41,  -1.21,  -1.29,  -1.89,  -1.59
20040414,  -0.04,  -0.36,  -0.88,   0.47,  -1.27,   0.03,  -0.29,   0.77,  -0.20,  -0.33,  -0.58,   0.02,   0.18,  -0.55,   0.05,  -3.25,   0.44,   0.21,  -1.05,   0.38,  -0.53,  -0.17,  -0.58,  -0.58,   0.21,  -0.49,  -2.85,  -2.76,  -1.39,  -0.80,  -0.66,   0.01,  -2.03,  -0.15,  -0.56,  -1.16,  -0.36,  -0.10,  -0.90,   0.50,  -0.26,  -0.54,  -0.25,  -1.30,  -0.71,  -0.15,  -0.86,  -0.67
20040415,  -0.31,  -0.21,   0.04,   0.43,  -0.73,  -0.24,  -1.11,   0.06,   0.00,   1.50,  -1.09,  -0.38,  -0.01,   0.34,  -0.15,  -0.16,   0.39,   0.63,   0.05,   0.82,  -0.85,  -0.81,  -0.08,  -0.72,   2.06,  -0.46,   2.83,   0.50,   1.36,   2.12,   0.66,  -0.44,   0.27,  -0.94,  -0.83,  -1.61,  -1.03,   0.06,   1.20,   0.75,   1.35,   0.51,  -0.42,  -0.40,  -0.27,  -0.35,  -0.99,  -0.76
20040416,  -0.13,   0.43,   0.12,  -0.14,  -0.27,  -0.49,   0.63,   1.98,  -0.59,   0.44,   0.25,   0.93,   0.51,   0.64,   0.49,  -0.17,   0.62,   0.64,   1.82,   0.46,   0.78,   2.11,   0.90,   0.99,   2.37,   2.19,  -0.25,   1.08,   2.44,   0.99,   0.41,   0.08,   0.18,  -0.19,  -0.80,  -1.60,  -0.19,   1.09,   1.87,   0.27,   1.18,   0.16,   0.97,   0.61,   0.66,  -0.23,   1.02,   1.04
20040419,   3.14,   0.21,   0.33,   1.22,  -0.63,  -0.35,   0.45,   0.90,   1.10,  -0.14,   0.41,   0.52,   1.36,   0.56,   1.08,  -0.53,   0.45,  -0.96,  -0.13,  -1.08,   0.44,   0.84,   0.60,  -0.81,   1.28,   0.59,  -1.15,   1.37,   0.79,   0.91,  -0.04,   0.77,   0.55,   0.68,   0.96,   1.64,   2.89,  -0.10,   0.31,   0.03,   0.76,   0.04,  -0.07,  -0.19,  -0.04,   0.57,  -0.02,   1.34
20040420,  -1.44,  -0.44,   0.02,  -0.38,  -2.62,  -0.80,  -0.37,  -1.37,  -1.44,   0.21,  -0.71,  -1.39,  -1.56,  -1.03,  -1.05,  -0.30,  -0.37,  -2.05,  -1.42,  -2.25,  -0.98,  -1.82,  -0.53,   0.22,  -1.49,  -4.53,  -8.21,  -3.31,  -1.71,  -1.84,  -1.12,  -1.50,  -1.53,  -1.74,  -2.20,  -1.99,  -1.62,  -0.79,  -1.89,  -1.05,  -1.07,  -0.69,  -0.88,  -0.84,  -0.96,   1.65,  -0.84,  -1.47
20040421,   0.07,   0.96,  -0.23,  -0.09,  -1.06,   0.62,   0.42,   0.49,   0.29,   1.32,   1.60,   0.76,   1.53,  -0.02,   0.76,  -2.86,   0.67,   1.37,  -0.19,   0.08,   0.14,   0.79,   1.27,  -0.25,   0.63,  -0.44,   0.13,  -1.80,  -1.77,  -0.13,   0.55,   0.43,   0.61,   0.50,   0.09,   1.22,   0.76,   0.19,   0.85,   1.51,   0.47,   0.78,  -0.24,   0.23,   0.34,  -0.69,   0.31,   0.44
20040422,   0.91,   0.64,   0.54,   0.12,   0.11,   0.82,   1.00,   0.44,   1.65,   0.28,   1.36,   1.27,   1.56,   2.21,   0.43,   0.87,   1.61,   1.97,   2.16,   1.15,   0.72,   0.81,   1.48,   0.50,   1.27,  -1.49,   1.56,   2.66,   3.56,   1.75,   1.25,   1.17,   0.86,   1.47,   0.78,   0.24,   1.98,   2.62,   2.85,   1.61,   1.45,   1.38,   1.49,   0.86,   1.66,   1.57,   0.94,   0.57
20040423,  -0.47,  -0.01,  -1.10,   1.12,  -0.36,  -0.64,  -0.42,  -0.75,   0.00,   0.35,   0.37,   0.02,   0.11,  -0.57,   0.20,  -1.35,   0.60,  -0.37,   0.75,  -0.31,  -0.08,   0.96,  -0.66,  -0.40,   2.05,   1.32,  -1.42,  -1.19,   2.35,  -0.28,  -0.14,  -0.53,  -0.42,   0.10,  -0.91,   0.85,   0.23,  -0.13,  -0.87,  -0.40,   0.23,  -0.04,   0.28,  -0.26,  -0.46,  -0.12,  -0.41,  -0.15
20040426,  -0.45,  -0.36,  -0.85,  -0.04,   0.94,  -0.45,  -0.77,  -0.63,  -0.84,  -0.08,  -0.13,   0.06,   2.30,  -0.20,  -0.05,   1.50,  -0.44,   0.24,  -0.34,  -0.42,  -0.53,  -0.15,  -0.22,   0.31,   0.69,  -0.70,   1.32,  -1.84,   2.07,   0.80,   0.42,   0.07,   0.54,  -0.69,  -1.12,  -1.28,  -0.51,  -0.64,  -0.04,  -0.75,  -0.43,  -0.57,  -0.16,  -0.26,  -0.42,  -0.33,  -0.55,  -0.49
20040427,  -0.11,   0.31,   0.54,   0.83,   1.22,  -0.43,   0.05,   0.82,  -0.07,   1.42,  -0.48,  -0.27,   0.66,   0.88,  -0.48,   0.50,   1.04,   1.10,  -0.81,   0.73,  -0.26,  -0.49,  -0.72,   1.70,   0.22,  -1.20,  -0.89,  -1.32,   0.07,   1.80,   0.33,  -0.70,  -0.62,  -0.10,  -0.94,  -1.60,  -1.13,   0.74,   0.20,   0.07,  -0.39,   0.57,  -0.34,   0.45,   0.54,   0.88,   0.22,  -0.20
20040428,  -0.35,  -1.21,   0.54,  -1.30,  -1.47,  -2.08,  -1.76,  -1.09,  -0.50,  -0.92,  -0.61,  -2.04,  -2.48,  -2.10,  -1.28,  -2.97,  -1.27,  -3.10,  -1.93,  -2.24,  -1.92,  -2.59,  -0.75,  -1.89,  -0.56,  -2.04,  -9.18,  -4.63,  -4.21,  -1.19,  -0.40,  -1.90,  -2.11,  -2.58,  -2.60,  -3.09,  -2.28,  -2.05,  -2.58,  -1.69,  -1.87,  -1.71,  -0.64,  -1.04,  -1.46,  -1.06,  -1.90,  -0.44
20040429,  -1.07,  -0.51,  -1.55,  -0.49,  -0.66,   0.22,  -1.70,  -0.96,  -0.41,  -1.44,  -1.45,  -1.30,  -2.17,  -1.63,  -1.70,  -1.16,  -1.22,  -1.95,  -2.08,  -1.82,  -1.76,  -2.29,  -2.01,   0.23,  -1.75,   0.61,  -0.85,  -1.56,  -2.55,  -3.11,  -1.18,  -1.81,  -0.85,  -1.85,  -2.79,  -3.38,  -2.66,  -1.57,  -2.06,  -2.21,  -1.48,  -1.59,  -0.15,  -0.24,  -0.27,  -0.79,  -1.50,  -1.18
20040430,  -0.71,  -0.88,   1.43,  -1.13,   0.38,  -0.07,  -1.90,  -0.18,  -0.98,  -1.12,   0.10,  -2.03,  -2.61,  -1.52,  -0.16,  -1.05,  -0.77,  -0.14,  -1.92,  -1.43,  -0.77,  -2.29,  -0.10,  -0.53,  -0.25,  -2.33,   0.42,   1.78,  -0.80,  -0.31,  -0.43,  -2.06,  -1.48,  -1.77,  -2.74,  -2.87,  -1.56,  -0.46,  -0.59,  -0.84,  -1.71,  -0.66,  -0.63,  -0.43,  -0.60,  -0.62,  -0.94,  -1.87
20040503,   0.66,   0.08,   0.42,   0.27,   1.45,  -0.32,   1.27,   0.31,  -0.22,   0.09,   0.14,  -0.08,  -0.03,   0.18,  -0.49,   0.17,   0.63,   0.18,   0.33,  -0.21,   0.69,   0.88,   0.46,  -1.00,  -1.63,  -0.75,  -1.98,  -0.55,   3.73,   1.84,   0.47,   0.10,   0.21,   0.04,  -0.03,  -0.47,  -0.20,   0.29,   1.74,   0.82,  -0.41,  -0.06,   0.07,   0.32,   0.75,  -0.64,   0.16,   0.19
20040504,  -0.30,   0.12,   0.23,   0.58,   0.94,   1.84,  -0.71,  -0.23,   0.17,   0.11,   0.34,   0.61,  -0.62,   0.50,   0.19,  -0.52,   0.18,  -0.22,   1.88,   0.73,   0.66,   1.15,   0.09,  -0.20,   1.96,   1.34,   8.21,   1.27,   0.93,   0.21,   0.54,  -0.22,   0.43,   0.62,   1.71,   2.39,   1.30,   0.48,   0.87,   0.13,   0.83,   0.16,   0.21,   0.08,  -0.10,   1.32,   1.27,  -0.01
20040505,   0.40,   0.32,   0.06,   0.01,  -1.08,   0.68,   0.71,   0.53,  -0.19,   0.26,   0.94,   0.71,   0.68,   0.40,   0.06,  -0.01,  -0.08,   0.16,   0.15,   0.58,  -0.07,  -0.02,   0.70,   0.50,   1.75,  -2.05,  -1.47,   0.40,  -0.32,  -0.35,  -0.23,   0.45,   1.63,   0.37,   1.29,   1.30,   0.89,  -0.26,  -0.73,   0.03,   0.41,   0.00,   0.39,   0.41,   0.10,  -0.65,  -0.04,  -0.13
20040506,  -0.17,  -0.42,   1.94,  -0.13,   0.25,  -0.64,  -0.63,  -1.37,  -0.98,  -0.74,  -0.61,  -1.00,  -1.39,  -0.23,   0.76,  -2.69,  -1.17,  -1.66,  -1.80,  -1.46,  -0.39,  -1.47,  -1.39,  -1.30,   1.57,  -1.54,  -3.96,  -2.38,  -1.90,  -0.76,  -0.35,  -1.97,  -0.52,  -1.32,  -1.75,  -1.64,  -1.27,  -0.98,  -1.37,  -1.23,  -0.94,  -1.54,  -1.08,  -0.64,  -0.64,  -0.34,  -1.40,  -0.72
20040507,  -0.42,  -1.32,   2.24,   0.40,  -1.41,  -1.46,  -2.23,  -1.42,  -0.78,  -1.87,  -1.94,  -1.36,  -1.75,  -2.30,  -0.83,  -0.19,  -1.46,  -3.68,  -3.21,  -0.58,  -1.53,  -1.28,  -1.88,  -1.16,  -1.06,  -0.82,  -7.50,  -4.40,  -4.76,  -2.09,  -2.40,  -1.60,  -1.88,  -1.28,  -1.00,  -1.06,  -1.53,  -1.73,  -2.82,  -2.21,  -1.79,  -2.30,  -1.40,  -1.16,  -1.91,  -0.47,  -2.05,  -1.29
20040510,  -0.88,  -0.94,  -0.19,  -1.37,   1.08,  -1.22,  -2.01,  -1.45,  -2.90,  -1.31,  -1.63,  -2.32,  -3.13,  -1.71,  -2.60,  -1.98,  -1.20,  -2.38,  -1.40,  -1.87,  -1.89,  -2.39,  -2.52,  -1.97,  -3.47,  -2.02,   1.53,  -1.03,  -5.27,  -4.13,  -1.65,  -2.53,  -2.27,  -2.06,  -2.33,  -2.24,  -1.83,  -1.41,  -0.75,  -2.00,  -1.96,  -1.45,  -1.06,  -0.90,  -1.36,  -1.31,  -0.59,  -1.96
20040511,  -0.42,   0.73,   1.36,   0.44,  -1.42,   0.78,   1.66,   1.22,  -0.57,   0.45,   0.30,   1.36,   1.35,   2.13,  -0.10,   2.39,   1.03,  -0.16,   1.50,   1.21,   1.84,   1.88,  -0.06,   0.43,  -0.42,   0.55,   3.70,   0.81,   1.85,   1.76,   0.48,   1.86,   0.55,   1.77,   1.83,   2.60,   1.65,   1.09,   1.23,   0.87,   0.86,   1.28,   0.42,   0.63,   1.25,  -0.08,   1.25,   1.07
20040512,   0.14,  -0.29,   0.75,  -0.43,  -1.42,  -0.65,   0.22,  -0.30,  -0.79,  -0.15,  -0.89,  -0.67,   0.18,   0.04,  -0.13,  -0.41,  -0.02,   0.66,  -0.70,  -0.52,  -0.83,  -0.37,   0.46,  -0.40,   1.40,   0.73,   0.19,   0.42,   0.25,   0.41,   0.08,  -0.15,  -0.09,  -0.64,  -0.51,  -0.90,   0.18,   0.04,   1.90,  -0.05,  -0.31,  -0.25,  -0.66,   0.10,   0.43,  -0.09,  -0.12,  -0.35
20040513,   0.21,  -0.74,  -1.95,  -0.69,   0.47,   0.01,  -0.50,   0.17,  -1.34,  -0.29,   0.49,   0.04,  -0.57,  -0.38,  -0.65,  -3.49,  -0.17,   0.34,  -0.21,  -0.92,  -0.60,  -0.62,  -0.16,  -0.35,  -0.76,  -0.15,  -2.32,  -0.51,   0.56,  -0.20,  -0.12,  -0.40,  -0.40,   0.66,   0.28,   0.10,  -0.32,   0.41,  -0.20,   0.41,   0.05,  -0.55,  -0.89,  -0.04,  -0.19,   1.07,  -0.25,  -0.04
20040514,   0.34,   0.20,   2.08,  -0.59,  -0.28,  -0.35,  -0.12,  -0.23,  -0.03,  -0.53,  -0.58,  -0.22,  -0.54,  -0.97,   0.43,  -1.02,   0.21,   1.16,  -1.09,  -1.04,  -0.76,  -0.79,  -0.26,  -0.64,   0.05,   0.22,   2.36,  -0.40,  -0.19,   0.87,   0.38,  -1.25,  -0.36,  -1.17,  -1.48,  -1.39,  -0.59,  -0.12,  -0.01,  -0.84,  -0.31,  -0.21,  -0.23,  -0.11,  -0.41,   0.09,  -0.14,   0.01
20040517,  -1.68,  -0.47,   0.03,  -0.41,  -1.14,  -1.64,  -0.48,  -1.56,  -0.92,  -1.14,  -1.49,  -2.19,  -2.05,  -1.86,  -1.57,  -1.79,  -1.54,  -2.55,  -0.48,  -1.37,  -1.62,  -1.93,  -1.85,  -2.11,  -1.31,  -0.61,   2.04,  -1.02,  -0.54,  -0.38,  -1.14,  -1.70,  -0.83,  -1.72,  -2.22,  -2.43,  -1.60,  -0.68,  -1.63,  -0.99,  -1.69,  -1.60,  -0.75,  -0.62,  -0.90,  -0.21,  -1.53,  -1.49
20040518,   0.77,   0.13,   0.19,   2.28,  -0.86,  -0.53,   2.91,   0.30,   0.88,   0.82,   0.45,   0.19,   0.27,   1.77,  -0.39,   0.54,   1.38,   0.39,   2.93,   2.09,   0.66,   0.91,   0.81,   1.59,   1.73,  -0.45,   1.88,   3.10,   2.50,  -0.76,   0.58,   0.28,   0.06,   0.63,   0.82,   1.58,   0.85,   0.98,   1.21,   1.00,   0.24,   1.15,   0.64,   0.51,   0.86,   0.52,   0.23,   2.65
20040519,  -0.36,  -0.28,  -1.49,  -0.86,  -1.99,   0.84,  -0.59,  -0.56,  -0.04,   0.05,  -0.53,  -0.01,  -0.17,  -0.28,   1.35,  -0.95,  -0.04,  -0.93,   0.15,  -0.41,   0.93,   0.18,  -0.50,   1.41,   0.65,   0.23,   2.23,   1.82,   0.47,  -0.48,  -0.58,   0.16,  -0.93,   0.43,   1.01,   1.14,   0.29,  -0.33,   0.05,  -0.50,   0.46,  -0.01,  -0.32,  -0.06,  -0.15,  -0.36,   0.07,  -0.75
20040520,  -0.03,  -0.21,   0.41,   0.15,   0.78,   0.98,   0.59,   0.69,   0.38,   0.19,  -0.60,   0.29,  -1.34,  -0.20,  -0.38,   0.60,   0.26,   0.15,  -0.48,   0.97,  -0.47,   0.31,  -0.68,  -0.47,  -0.14,  -1.77,  -0.87,  -0.76,  -1.11,  -0.40,   0.54,  -0.28,   0.13,  -0.59,  -0.86,  -0.59,   0.10,   0.46,   0.65,   0.22,  -0.09,   0.01,  -0.66,   0.01,   0.37,   1.54,  -0.01,   1.30
20040521,   1.08,   0.06,   2.60,   1.34,   1.40,   1.20,   0.15,   0.82,   0.27,   0.72,   1.14,   0.55,   0.25,   0.39,  -0.07,   0.09,   0.60,   0.68,   1.58,   0.42,   0.81,   0.85,   0.83,  -0.05,  -0.39,  -0.17,   2.47,   3.25,  -0.59,  -0.17,   0.12,   0.39,   0.49,   0.65,   0.83,   0.87,   0.93,   1.07,   0.70,   1.01,   0.79,   0.92,   0.48,   0.62,   0.61,   0.16,   0.35,   0.76
20040524,   0.63,   0.49,   1.62,   0.01,  -3.88,  -0.52,   0.93,   0.23,   0.67,   0.90,   1.86,   0.37,  -0.16,   0.20,   0.62,   0.71,   0.97,   1.41,   1.50,   0.67,   1.15,   0.82,   0.84,  -0.13,   0.59,   0.20,   2.85,   0.70,   3.71,   2.45,   1.22,   1.36,   0.88,   0.81,   1.67,   0.99,   0.59,   0.42,   0.25,  -0.05,   0.42,   0.97,   0.15,   0.30,   0.28,   0.83,  -0.45,   0.53
20040525,   0.72,   0.47,   0.66,  -0.02,   2.47,   1.59,   1.07,   1.27,   2.22,   1.86,   1.09,   1.57,   1.59,   1.90,   0.67,   0.85,   1.93,   2.83,   2.62,   2.26,   1.99,   1.52,   1.52,   1.10,   0.87,   3.33,   1.68,   3.58,   5.68,   1.84,   1.80,   1.61,   1.61,   1.64,   2.99,   2.17,   1.11,   1.42,   1.65,   2.43,   1.93,   1.99,   0.59,   1.02,   0.92,  -0.50,   1.25,   1.31
20040526,   0.41,   1.23,   0.41,  -0.14,   0.36,   1.06,   0.41,  -0.13,   0.03,   0.30,   0.31,   0.62,   1.14,   0.53,   0.42,   0.38,  -0.12,  -0.60,   0.39,   1.80,   0.28,   0.23,   0.75,  -0.94,   4.51,   1.94,   1.35,   0.26,  -0.03,  -0.54,   0.21,   0.70,   1.13,   0.67,   1.03,   1.68,   1.20,  -0.20,  -0.31,   0.05,   0.56,   0.18,   0.37,   0.33,   0.37,   0.46,   0.84,   0.25
20040527,   0.18,   0.04,   1.73,   0.45,   0.54,  -0.88,  -0.45,   0.22,   1.03,  -0.15,  -0.10,   0.08,   0.28,   1.00,   0.58,   0.10,   0.03,   1.80,   1.88,  -0.70,   0.03,   0.40,   0.08,   1.39,   0.90,  -0.12,   2.25,   0.51,   0.31,  -0.96,   0.39,   0.48,   0.65,   0.87,   0.08,   0.47,   0.32,   0.60,   0.85,   0.09,   0.36,   0.85,  -0.38,   0.20,   0.20,   0.59,  -0.26,   0.89
20040528,   0.51,   0.18,   0.09,  -0.20,  -0.51,   1.34,   0.31,   0.62,   0.39,   0.53,   0.29,   0.34,  -0.12,   0.15,   0.37,   0.64,   0.32,  -0.08,   0.12,  -0.12,   0.72,   0.20,  -0.11,   0.99,  -1.45,   0.71,  -2.02,  -0.20,   2.47,   0.79,   0.16,   0.28,   0.42,   0.37,   0.42,   0.92,   0.14,  -0.19,   1.02,  -0.45,   0.32,   0.32,   0.90,   0.11,   0.77,   0.90,   0.28,   0.43
20040601,  -0.59,   0.04,  -1.95,   0.19,   0.32,   1.01,  -0.09,   0.44,  -0.05,   0.41,   1.04,   0.07,   0.57,   0.40,   0.14,   0.14,   0.33,   0.08,   0.62,   2.27,   0.48,   1.01,   0.16,  -0.26,  -1.24,  -0.40,  -1.62,   0.15,   1.77,   1.52,  -0.04,  -0.16,   0.60,   0.54,  -0.17,   0.34,   0.64,   0.07,  -0.21,   0.11,   1.08,   0.25,   0.51,   0.08,   0.25,   0.50,  -0.40,   1.23
20040602,   0.52,   0.01,   1.01,   0.50,   0.14,   0.88,   0.39,   0.10,  -0.15,   0.28,   0.50,   0.95,   0.87,   0.24,   0.63,   0.30,  -0.22,   0.14,  -0.12,   2.09,  -0.05,   0.38,   0.68,   0.94,   1.48,  -0.29,  -1.11,   0.08,  -1.31,  -0.48,   0.19,   0.07,   0.18,   0.45,   0.56,  -0.61,   0.02,   0.76,   1.29,   1.79,   0.50,   0.17,  -0.04,   0.30,   0.26,  -0.76,   0.02,   0.51
20040603,  -0.26,  -0.64,  -0.81,   0.11,  -1.70,  -0.60,  -0.31,  -0.33,  -0.96,  -0.71,  -0.85,  -0.95,  -1.31,  -1.63,  -0.40,  -0.39,  -0.31,  -1.27,  -1.35,  -0.56,  -1.27,  -1.23,  -0.43,  -0.11,  -0.93,  -1.65,  -1.18,  -2.28,  -2.21,  -1.59,  -1.14,  -1.78,  -0.35,  -1.30,  -1.22,  -2.15,  -1.10,  -1.08,  -1.40,  -0.28,  -1.15,  -0.77,  -0.51,  -0.71,  -0.86,  -0.31,  -1.00,  -1.42
20040604,   0.02,   0.10,  -1.29,   0.43,   1.59,   0.50,   1.26,   0.14,  -0.95,   0.35,   0.67,   0.49,   1.14,   1.23,   0.44,  -0.17,   0.86,   0.43,   1.15,  -0.26,   0.71,   0.34,   1.16,   1.91,   1.29,  -0.13,   2.72,   1.61,   0.76,  -0.49,   0.25,   0.84,  -0.09,   0.69,   0.62,   1.29,   0.49,   0.72,   1.09,   0.83,   0.60,   0.40,   0.11,   0.56,   0.66,   0.15,   1.24,   1.19
20040607,   0.42,   0.62,   1.63,   0.63,   1.45,   0.61,   2.52,   0.14,   1.54,   0.54,   0.26,   1.24,   0.15,   2.29,   1.87,   3.45,   1.44,   2.80,   2.24,   2.31,   1.66,   1.28,   1.80,   0.14,   1.81,   0.29,   3.30,   2.25,   2.61,   1.14,   0.92,   1.84,   1.53,   1.39,   1.80,   2.26,   2.32,   1.63,   2.13,   1.83,   1.11,   1.66,   0.82,   0.85,   1.16,  -0.11,   2.26,   1.40
20040608,  -0.19,   0.13,  -0.73,  -0.19,   0.35,   0.09,  -0.64,  -0.42,  -0.16,   0.42,  -0.11,  -0.52,  -0.75,   0.32,  -0.35,  -0.58,  -0.02,  -1.12,   1.05,   0.66,  -0.05,  -0.09,   0.95,   0.26,   1.03,   1.36,  -2.10,  -0.06,  -0.64,  -0.55,  -0.31,  -0.31,   0.39,  -0.08,  -0.03,   0.11,  -0.09,   0.18,  -0.33,   1.34,   0.41,   0.26,   0.21,  -0.14,   0.00,  -1.01,   0.01,   0.03
20040609,  -0.55,  -0.62,  -1.04,   0.02,  -1.40,  -0.66,  -0.26,  -0.41,  -0.32,  -0.78,  -0.86,  -0.23,  -2.44,  -0.63,  -0.56,   0.34,  -0.58,  -1.49,  -1.69,  -1.66,  -0.98,  -1.33,  -1.10,   0.11,   1.39,  -1.83,  -5.51,  -2.28,  -2.43,  -0.80,  -0.70,  -1.39,  -0.83,  -1.15,  -1.55,  -2.13,  -1.22,  -0.78,  -0.82,  -1.08,  -0.61,  -0.81,   0.44,  -0.69,  -1.10,   0.34,  -1.02,  -0.82
20040610,   0.96,   0.62,   0.58,  -0.47,   0.25,  -0.58,  -0.72,  -0.24,   0.47,   0.36,   0.12,  -0.37,  -0.78,  -0.02,  -0.04,  -0.10,  -0.11,  -0.46,   1.00,   0.27,  -0.02,  -0.05,   0.35,   0.58,  -0.68,   0.48,   1.93,   1.02,   0.84,   1.40,   0.83,  -0.40,   0.41,  -0.13,   0.53,   0.10,  -0.36,   0.59,   1.31,  -1.01,   0.59,   0.29,  -0.37,   0.26,   0.49,   0.29,   0.09,   0.27
20040614,  -0.81,  -0.82,   0.71,  -0.19,   0.47,  -0.44,  -0.79,  -1.12,  -1.55,  -1.05,  -1.15,  -1.25,  -0.75,  -1.54,  -1.64,  -0.98,  -1.04,  -2.36,  -2.15,   0.02,  -1.03,  -0.76,  -0.68,   0.07,  -2.04,  -1.36,  -3.94,  -2.24,  -1.04,  -0.24,  -0.65,  -1.84,  -1.28,  -1.79,  -1.90,  -2.87,  -1.44,  -1.15,  -1.76,  -0.71,  -1.11,  -1.38,  -0.57,  -1.25,  -0.92,  -0.57,  -1.04,  -1.19
20040615,   0.72,   0.54,  -0.02,   1.16,   2.10,  -0.23,   0.41,   0.79,   1.20,   0.49,   0.85,   0.61,   0.85,   1.54,   2.79,   0.37,   0.95,   1.24,   2.43,   1.56,   1.39,   0.80,   1.28,   0.71,   1.38,   0.03,   0.88,   1.80,   1.93,   1.94,   0.80,   0.57,   0.12,   1.17,   1.45,   1.44,   1.10,   0.94,   1.33,   1.49,   1.24,   1.17,   0.58,   0.64,   0.59,   0.54,  -0.01,   1.49
20040616,   0.90,   0.75,   0.98,  -0.13,   1.38,  -2.06,   0.14,  -0.12,  -0.44,   0.37,   0.32,   0.93,   0.75,  -0.43,   0.60,   1.12,   0.39,  -0.08,   0.86,  -0.13,   0.34,   0.13,   0.38,   0.76,   0.31,  -0.27,  -0.25,   2.60,   2.08,   1.97,   0.32,  -0.71,   0.41,   0.21,   0.12,  -0.12,   0.32,   0.23,  -0.23,   0.28,   0.06,   0.29,   0.48,   0.08,   0.38,  -0.26,  -0.12,   0.76
20040617,  -0.26,  -0.74,   0.62,   0.85,   1.04,   0.18,   0.26,   0.57,   0.37,   0.05,   0.32,  -0.02,  -0.29,   0.04,  -0.20,  -1.50,   0.88,   0.43,   1.05,   0.73,  -0.14,  -0.07,   0.97,   0.28,   1.15,  -0.70,   2.54,   1.83,   2.40,   1.35,   0.35,  -0.05,  -0.74,  -0.27,  -0.80,  -1.45,  -0.51,   0.73,   0.95,  -0.33,  -0.30,  -0.17,  -0.32,  -0.20,   0.07,  -0.02,   0.13,   0.05
20040618,   0.50,  -0.10,   0.94,  -0.51,   0.37,  -0.96,  -0.25,  -0.53,   0.20,   0.31,   0.56,  -0.56,  -0.62,   0.78,  -0.89,  -0.33,  -0.16,  -0.74,   0.62,  -0.18,   0.14,  -0.51,   0.33,   0.03,   0.57,   1.49,   5.03,   3.19,  -0.52,   0.21,   0.35,  -0.73,  -1.23,  -0.67,  -0.82,  -0.22,  -0.13,  -0.11,   0.70,   0.35,   0.05,  -0.03,   0.55,   0.00,  -0.08,   0.41,  -0.22,   0.43
20040621,   0.00,   0.04,  -1.51,  -0.07,   0.40,  -0.55,  -0.32,  -0.66,  -0.76,   0.57,  -0.65,  -0.25,  -0.78,  -0.22,  -0.05,  -0.23,   0.23,  -0.46,   0.15,  -0.22,  -0.21,  -0.47,  -0.02,  -1.12,   1.15,   2.74,  -2.13,   0.18,   2.36,   0.20,   0.18,  -0.38,  -0.33,  -0.44,  -0.47,  -0.75,  -0.42,   0.34,  -0.23,  -0.24,  -0.31,  -0.14,  -0.67,   0.27,  -0.22,   0.22,  -0.35,  -0.54
20040622,   0.46,   0.41,   0.63,   0.08,   0.60,  -0.53,  -0.19,   0.29,   0.37,   0.25,   0.13,  -0.19,  -0.06,  -0.29,   0.19,   0.45,  -0.13,  -0.71,   0.36,  -0.10,   0.89,   0.84,   0.03,   0.62,  -1.43,  -0.70,  -0.61,   0.55,   0.45,   0.69,  -0.02,   0.16,   1.93,   0.49,   1.46,   1.33,   0.94,   0.64,   0.11,  -0.09,   0.39,   0.33,  -0.12,   0.16,   0.23,  -1.01,   0.52,  -0.17
20040623,   1.40,   0.63,   0.83,   0.64,   1.18,   1.90,   0.60,  -0.46,   0.53,   0.58,   0.53,   1.00,   0.91,   1.28,   0.34,   1.58,   0.94,   1.89,   1.80,   1.96,   1.43,   1.50,   1.32,   0.58,   0.69,   3.71,  -0.65,   1.76,   0.90,   1.79,   0.59,   1.33,  -1.64,   0.88,   1.70,   2.24,   1.38,   0.44,   0.87,   1.55,   0.57,   1.02,   0.93,   0.36,   0.61,   0.74,   0.75,   0.85
20040624,  -0.32,  -0.42,  -0.34,   0.30,  -0.80,   0.73,   0.87,   0.64,   0.61,   0.65,  -0.02,  -0.17,   0.16,  -0.14,  -0.20,  -0.35,  -0.16,   0.73,  -0.07,   0.17,  -0.05,  -0.02,  -0.50,  -0.73,  -0.59,   1.47,   3.57,   0.01,  -0.14,  -0.21,   0.09,  -0.29,  -0.84,  -0.03,  -0.05,  -0.27,   0.14,  -0.21,   0.09,   0.22,  -0.10,   0.81,  -0.58,   0.11,  -0.09,  -0.08,   0.40,   0.73
20040625,   0.72,   0.93,   1.58,   0.25,   0.88,   0.15,   1.58,   0.17,   0.45,   0.60,   0.30,   0.70,   0.71,   1.35,  -0.15,   1.04,   0.96,   0.05,   1.00,  -0.40,   0.64,   0.79,  -0.06,   3.07,   0.07,   2.37,   0.79,   1.24,   1.61,   0.29,   0.13,   0.43,   0.87,   0.63,   0.84,   1.13,   1.23,   0.62,   0.20,   0.82,   0.47,   0.22,   0.24,   0.70,   0.46,   1.47,   0.07,  -0.47
20040628,  -0.23,  -0.03,  -1.33,  -0.15,   2.71,  -0.21,  -0.01,   0.01,  -0.71,  -0.17,  -0.69,  -0.83,  -1.26,  -0.29,  -0.37,   0.41,  -0.07,  -1.15,  -0.26,  -0.07,  -0.28,  -0.73,   0.43,   3.24,   0.64,   0.12,  -1.81,  -1.23,  -3.01,  -1.65,   0.07,  -0.33,  -0.49,  -0.44,  -0.25,  -0.89,  -0.58,  -0.47,  -0.38,   0.74,   0.06,  -0.04,  -0.83,   0.09,  -0.01,   0.41,  -0.21,  -0.34
20040629,   0.93,   0.49,   1.14,   0.11,  -0.75,   0.17,   0.36,   0.06,   0.63,  -0.26,   0.78,   0.97,   0.57,   0.91,   1.13,   0.89,   0.51,  -0.34,   0.92,   1.09,   1.18,   0.71,   0.51,   2.13,   1.07,  -1.50,  -3.53,   0.47,   1.68,   0.41,  -0.24,   0.46,   0.57,   0.65,   0.44,   1.43,   1.05,   1.48,   1.61,   1.51,   0.58,  -0.70,   0.54,   0.15,   0.77,   0.57,   0.54,   0.57
20040630,   0.83,   0.72,   0.21,   0.05,   0.32,   1.01,   0.94,   0.76,   0.37,  -0.06,   0.80,   0.64,   1.17,   0.54,   1.53,   0.86,   0.53,   1.69,   0.52,   0.91,   0.90,   1.07,   1.23,   0.74,   0.02,   1.70,   2.48,   1.41,   1.03,   1.25,   0.72,   0.39,   0.73,   0.86,   0.58,   0.72,   0.98,   0.87,   0.30,   0.58,   0.97,   0.53,   0.36,   0.18,   0.61,   0.37,   0.60,   0.72
20040701,  -0.48,   0.25,  -1.49,   1.24,  -2.08,  -0.33,  -0.37,  -0.41,  -0.25,  -0.04,  -0.66,  -1.01,  -0.73,  -1.25,  -1.47,  -0.52,  -0.61,  -1.06,  -0.31,  -1.23,  -0.95,  -1.18,  -1.69,  -0.23,  -0.71,  -0.85,  -0.61,   0.07,  -0.61,   0.04,  -0.93,  -1.11,   0.48,  -1.61,  -1.85,  -2.75,  -1.89,  -1.32,  -1.23,  -0.86,  -1.24,  -0.79,  -0.25,  -0.69,  -0.48,  -0.01,  -1.03,  -0.48
20040702,   0.02,   0.44,  -0.23,   1.65,  -0.34,  -0.55,   0.21,  -0.29,   0.07,   0.01,  -0.06,   0.36,   0.08,  -0.26,   0.25,   0.78,   0.31,   1.02,  -0.11,   0.48,  -0.29,   0.26,  -0.34,  -0.62,  -0.54,  -0.60,   1.88,   0.25,   0.17,   0.77,   0.57,   0.43,  -0.06,  -0.53,  -0.48,  -0.86,  -0.43,  -0.14,   0.18,  -0.26,  -0.04,  -0.39,  -0.64,   0.42,   0.24,   0.40,   0.00,   0.45
20040706,   0.33,   0.14,  -0.34,  -1.26,  -0.22,  -2.13,  -0.86,  -0.82,  -0.78,  -0.25,  -1.10,  -1.12,  -1.90,  -0.82,  -0.09,  -0.56,  -0.93,  -1.38,  -0.17,  -0.05,  -1.18,  -1.62,  -0.71,  -0.41,   0.01,  -0.63,  -1.53,  -0.90,   0.58,   0.44,  -0.18,  -1.39,  -1.37,  -2.21,  -3.16,  -3.81,  -2.56,  -0.40,  -0.67,   0.52,  -0.57,  -0.63,  -0.79,  -0.52,  -0.59,  -0.55,  -1.09,  -0.37
20040707,  -0.80,  -0.13,  -0.08,  -0.28,   0.81,  -0.89,  -0.57,  -0.76,  -0.53,   0.29,   0.27,   0.34,  -0.76,   0.04,   0.06,  -0.71,  -0.25,  -0.33,   0.84,   0.55,  -0.08,  -0.65,   0.22,  -0.39,   0.71,  -1.39,   3.01,   2.66,   1.03,   0.17,   0.14,   0.12,   0.29,  -0.78,  -0.21,   0.00,  -0.38,   0.16,  -0.09,  -0.55,   0.01,   0.12,   0.65,   0.25,   0.03,   0.91,  -0.39,  -0.18
20040708,  -0.56,  -0.68,  -1.83,  -0.31,  -1.36,  -1.50,  -1.16,  -0.99,  -1.07,  -1.93,  -1.84,  -1.33,  -2.20,  -1.18,  -1.72,  -0.69,  -1.64,  -2.87,  -1.51,  -0.40,  -1.44,  -2.35,  -1.67,  -0.16,  -1.28,  -1.27,   3.08,   0.16,   0.86,  -0.98,  -0.45,  -2.01,  -0.98,  -1.99,  -2.28,  -2.00,  -1.05,  -1.62,  -1.17,  -2.03,  -1.54,  -2.04,  -0.92,  -0.65,  -1.04,  -1.20,  -0.80,  -1.14
20040709,  -0.07,   0.07,  -1.37,   0.06,   1.05,  -0.19,  -0.06,   0.19,   0.28,  -0.18,   0.42,  -0.62,  -0.08,   0.77,  -0.04,  -0.39,   0.16,  -0.17,   0.24,  -0.11,   0.35,   0.39,   1.19,   0.69,   0.32,   1.98,   0.63,  -0.37,  -1.45,   0.58,   0.04,   0.49,  -0.03,   0.56,   0.64,   0.52,   0.83,   0.25,   0.61,   0.70,   0.04,   0.54,   0.05,   0.14,   0.29,   0.07,  -0.03,  -0.11
20040712,   0.50,   0.11,  -0.71,   0.25,  -0.65,  -0.86,   0.26,  -0.24,   0.10,   0.71,  -0.57,  -0.94,  -0.68,  -0.46,   2.20,  -0.37,  -0.07,   0.25,   0.07,  -0.51,  -1.02,  -0.30,  -0.35,  -0.34,   1.26,  -0.35,   0.13,  -0.42,  -0.56,  -0.51,   0.20,   0.32,  -1.11,  -0.58,  -1.21,  -1.87,  -1.39,   0.51,   0.19,   0.00,  -0.61,  -0.09,  -0.86,   0.31,   0.03,   0.63,   0.13,   1.21
20040713,  -0.81,  -0.27,  -1.39,   0.68,  -0.13,  -0.62,  -0.10,  -0.07,  -0.32,   0.48,   0.89,  -0.45,  -0.41,   0.01,   0.00,   2.34,   0.49,   0.81,   1.19,   0.38,  -0.32,  -0.12,   0.25,   0.04,  -0.70,   0.27,   0.06,   0.04,  -0.62,  -0.16,   0.00,  -0.63,  -0.06,  -0.31,  -0.23,  -0.17,  -0.29,   1.13,   0.82,  -0.65,  -0.10,   0.44,   0.59,   0.23,   0.52,  -0.30,  -0.78,  -0.11
20040714,  -0.91,  -0.69,  -1.31,   0.08,  -0.04,  -1.58,   0.02,  -1.30,  -0.86,  -1.06,   0.81,  -0.15,  -0.18,  -0.34,   0.41,   0.07,  -0.40,  -0.56,   0.87,   0.68,  -1.08,  -0.49,  -0.74,   0.17,   0.98,  -0.62,  -0.21,   0.95,   2.47,   1.24,   0.42,  -0.56,  -0.01,  -0.82,  -0.77,  -1.85,  -0.94,  -0.12,   1.52,  -0.74,  -0.05,  -1.01,  -0.46,  -0.42,  -0.37,  -0.15,  -0.75,   0.11
20040715,  -0.38,  -0.15,  -0.85,   0.22,  -0.45,  -0.46,   0.36,   0.07,   0.38,  -0.81,  -0.01,  -0.27,  -0.30,   0.15,   1.22,   0.07,   0.38,  -0.02,  -0.71,   0.74,   0.18,  -0.35,   0.12,  -0.10,  -1.63,   0.50,   0.08,  -0.04,   0.21,   1.08,   0.34,  -0.11,   0.17,   0.25,   0.57,   0.47,  -0.15,  -0.23,   0.26,   0.52,  -0.17,  -0.44,   1.54,   0.06,  -0.28,   0.43,  -0.42,  -0.07
20040716,  -0.30,  -0.49,   0.64,  -0.41,  -0.61,  -1.64,  -1.58,   1.22,  -1.39,  -1.90,  -0.41,  -1.54,  -2.04,  -0.53,  -1.82,   1.10,  -0.30,  -0.29,   0.04,  -0.60,  -1.18,  -1.01,  -1.06,  -0.27,  -0.88,  -0.08,   0.07,   0.52,   0.54,   0.41,   0.29,  -1.04,  -0.11,  -1.35,  -1.67,  -2.16,  -1.21,  -0.34,  -1.05,  -0.79,  -0.61,  -1.51,  -0.71,  -0.25,  -0.45,  -0.38,  -0.63,  -0.24
20040719,  -1.29,  -0.41,  -2.12,   0.02,   0.34,   0.13,  -0.91,  -0.53,  -0.13,  -0.12,  -0.73,  -1.38,  -1.35,  -0.34,   0.04,  -1.31,   0.13,  -1.02,  -0.22,   0.44,  -0.29,  -0.53,  -0.41,  -0.85,  -0.06,  -2.02,  -1.60,  -1.06,   0.09,   0.20,   0.43,  -1.03,  -0.70,  -0.96,  -0.89,  -0.66,  -0.76,  -0.48,  -0.16,   0.09,  -0.36,  -0.60,   0.24,  -0.06,   0.05,  -0.08,  -1.15,  -0.83
20040720,   1.20,   0.74,   1.31,   1.10,   2.12,   0.94,   1.16,   0.74,  -0.15,   1.68,   1.38,   1.36,   0.95,   0.81,   0.06,   1.91,   0.83,   0.48,   0.49,   1.04,   1.15,   0.85,   0.67,   0.27,   1.42,  -1.39,  -1.54,   0.22,  -0.60,  -0.04,   0.60,   1.37,   0.71,   1.74,   1.39,   2.03,   1.39,   0.93,   1.31,   1.47,   0.86,   1.99,   0.25,   0.72,   0.57,   0.55,   1.35,   0.85
20040721,  -1.16,  -1.43,  -1.18,  -1.40,  -1.11,  -0.58,  -0.79,  -0.83,  -0.84,  -1.68,  -1.69,  -2.13,  -2.95,  -2.03,  -1.77,  -1.68,  -1.82,  -1.84,  -2.41,  -1.70,  -1.74,  -1.59,  -0.69,  -0.36,   0.80,  -1.35,  -3.72,  -2.31,  -3.62,  -2.02,  -1.70,  -1.55,  -1.19,  -2.17,  -2.62,  -3.31,  -3.18,  -2.15,  -2.64,  -1.90,  -1.40,  -1.63,  -0.49,  -0.82,  -1.13,  -0.38,  -1.08,  -1.24
20040722,  -1.24,  -1.01,  -2.37,  -0.99,   0.07,  -0.79,  -0.69,  -0.72,  -0.31,  -0.89,  -0.30,  -0.66,  -0.67,  -1.26,   0.53,  -1.79,  -0.76,   0.76,  -0.57,  -0.67,  -0.81,  -0.97,  -0.34,  -0.43,  -0.81,  -0.84,   0.75,  -0.45,  -1.26,  -0.85,  -0.91,   0.29,  -0.68,  -0.12,  -0.35,   0.16,  -0.62,   0.51,  -0.89,  -0.86,  -1.11,  -0.43,  -1.01,  -0.24,  -0.95,  -1.02,  -0.34,  -0.25
20040723,  -1.61,  -0.34,  -1.77,  -0.72,   3.49,  -0.30,  -0.59,  -0.71,  -1.77,  -0.75,  -1.24,  -1.29,  -1.70,  -1.47,  -1.07,  -1.73,   0.24,  -0.88,  -0.82,  -1.07,  -1.13,  -1.22,  -0.49,   0.30,  -0.82,  -0.76,  -3.99,  -1.45,  -0.37,  -0.96,  -0.59,  -1.20,  -1.08,  -1.81,  -1.99,  -2.55,  -1.75,  -0.54,  -1.11,  -0.86,  -0.90,  -0.87,  -0.64,  -0.37,  -0.91,   0.34,  -0.31,  -1.38
20040726,   0.42,  -1.04,   0.57,  -1.15,  -3.17,  -0.93,  -0.47,  -0.85,   0.04,  -0.49,  -1.10,  -1.29,  -1.72,  -0.56,   0.01,   0.13,  -0.44,  -1.17,  -1.03,  -1.29,  -0.74,  -1.43,  -0.44,  -0.55,   0.20,  -3.35,  -3.18,  -3.09,  -5.64,  -1.82,  -0.84,  -1.74,  -1.10,  -1.65,  -1.20,  -1.91,  -1.96,  -0.57,  -1.41,  -0.51,  -0.96,  -1.28,  -0.67,  -0.07,  -0.11,  -0.09,  -0.79,   0.08
20040727,   0.15,   0.33,  -0.08,   0.03,   0.78,   2.30,   1.06,   0.82,   1.52,   0.37,  -0.12,   1.72,   1.94,   1.65,  -0.18,   0.35,   0.82,   1.84,   2.45,  -0.56,   1.37,   1.96,   0.90,   1.12,   1.12,   0.96,  -0.15,   1.74,   1.74,   1.35,   0.35,   1.14,   0.51,   1.80,   1.39,   1.52,   1.84,   1.22,   1.31,   0.58,   0.95,   2.20,   1.00,   0.89,   0.27,   1.25,   1.50,   0.68
20040728,  -0.63,  -0.19,  -0.06,   0.51,   1.25,   0.06,  -0.66,  -0.45,  -0.28,  -0.58,  -1.12,  -1.05,   0.06,  -0.27,  -0.04,   0.18,  -0.51,  -0.51,   0.89,  -0.04,  -0.69,  -0.78,   0.43,   1.05,  -0.47,   0.82,   2.49,   1.86,   3.32,   0.58,   0.49,  -0.89,  -1.68,  -0.76,  -1.20,  -0.40,  -0.04,  -0.01,   0.10,   0.19,   0.01,  -0.35,   0.05,  -0.19,  -0.21,  -0.75,  -0.38,  -0.36
20040729,   0.61,   0.63,  -2.82,   0.48,   1.24,   1.02,   1.42,   0.67,   0.82,   1.45,   1.39,   1.29,   1.23,   1.26,   0.73,   0.70,   0.68,   1.66,   1.08,   0.75,   1.53,   0.61,   1.13,   0.40,   1.38,   0.18,   0.36,   3.00,   1.23,   0.69,   0.81,   0.73,   1.00,   1.53,   2.00,   2.45,   1.93,   0.45,   0.56,   2.38,   1.23,   1.20,   0.29,   0.53,   0.59,   0.17,   0.54,   0.21
20040730,   1.80,   0.07,   0.26,   0.32,   1.20,   0.29,   0.15,   0.26,  -0.31,   0.43,   0.24,   1.74,   1.58,   0.00,  -0.69,   1.12,   0.24,   1.07,   1.20,   0.41,   0.62,   1.14,   0.96,  -0.41,  -1.12,   0.63,   2.90,   2.54,   4.92,   1.06,   0.17,   0.22,   0.16,   0.84,   0.77,   1.45,   1.45,   0.14,  -0.11,  -0.25,   0.51,   0.37,   0.31,  -0.03,   0.22,   0.12,   0.08,   0.70
20040802,   1.24,   1.02,  -0.26,   0.80,   1.27,  -0.26,  -0.37,   0.50,  -0.59,   0.07,   0.18,  -0.51,  -0.57,   0.65,   0.06,  -0.25,   0.01,   0.61,  -0.22,  -0.81,  -0.23,  -0.59,   0.34,  -0.82,  -0.61,  -1.04,  -0.99,   1.07,  -0.86,  -0.08,   0.54,   0.69,  -2.58,  -0.82,  -0.72,  -0.31,  -0.60,  -0.25,   0.90,  -0.23,   0.14,   0.00,  -0.63,  -0.08,   0.20,  -1.48,  -0.16,  -0.46
20040803,  -1.49,  -0.98,  -0.75,  -1.17,  -0.55,  -1.42,  -1.49,  -1.81,  -1.54,  -0.73,  -0.66,  -0.87,  -1.31,  -0.47,   0.41,  -0.77,  -0.84,  -0.82,  -0.85,   1.29,  -0.82,  -1.24,  -1.84,  -0.56,  -0.45,  -2.75,   2.83,  -0.59,   0.15,   0.59,  -0.16,  -1.09,  -0.68,  -1.19,  -1.33,  -2.27,  -1.35,  -0.77,  -1.55,  -1.21,  -0.96,  -1.54,  -1.50,  -0.19,  -0.58,  -0.09,  -0.16,  -0.35
20040804,   1.84,  -0.67,   0.80,  -1.59,   2.12,   0.44,  -1.05,   0.51,  -0.26,  -0.43,  -0.51,  -0.51,  -0.92,  -0.21,   0.09,   0.48,  -0.29,   0.75,  -0.53,   0.87,  -0.15,  -0.87,  -0.18,  -0.37,   0.44,  -0.74,  -2.78,  -0.81,  -1.82,  -2.43,   0.34,  -0.79,  -0.71,  -0.87,  -0.09,   0.23,  -0.05,   0.50,   0.41,  -0.16,   0.06,  -0.61,  -1.21,   0.06,  -0.08,  -0.19,   0.01,  -0.23
20040805,  -2.10,  -1.27,  -0.17,  -0.71,  -1.45,  -0.41,  -0.83,  -1.07,  -1.15,  -1.96,  -0.45,  -2.11,  -1.80,  -1.82,  -1.06,  -1.70,  -1.30,  -0.81,  -2.66,  -1.06,  -1.62,  -0.71,  -1.75,  -1.54,  -1.38,  -0.71,  -1.16,  -3.14,  -2.89,  -2.64,  -1.12,  -1.14,  -0.77,  -1.54,  -1.86,  -1.21,  -1.82,  -1.07,  -2.53,  -1.87,  -1.37,  -2.55,  -1.46,  -0.54,  -1.16,  -0.08,  -1.06,  -1.59
20040806,  -1.62,  -1.19,  -0.55,   0.91,  -0.10,  -1.47,  -1.59,  -1.39,  -1.84,  -1.54,  -2.46,  -2.16,  -2.97,  -2.37,  -2.75,  -0.90,  -1.99,  -0.66,  -2.75,  -1.82,  -2.39,  -2.60,  -2.46,  -1.76,  -3.20,  -2.91,   3.41,  -2.70,  -3.23,  -2.28,  -0.03,  -2.12,  -0.89,  -2.61,  -2.55,  -3.49,  -3.05,  -2.23,  -2.11,  -2.60,  -2.37,  -1.51,  -0.64,  -0.54,  -1.38,   0.15,  -1.49,  -1.66
20040809,  -2.84,   0.12,  -0.33,   0.54,  -0.49,  -0.49,  -1.50,  -1.00,   0.18,  -0.23,  -0.99,  -1.08,  -1.74,   0.40,   0.17,   0.98,  -0.64,  -1.41,   0.46,   0.48,  -0.70,  -0.83,  -0.12,  -0.43,   0.17,  -0.09,   0.77,  -0.25,   1.25,   0.89,  -0.14,  -0.96,  -0.06,  -0.59,  -1.38,  -0.62,  -0.34,   0.68,  -0.68,  -0.52,  -0.43,  -0.34,  -0.03,  -0.16,  -0.32,  -0.52,  -0.25,  -0.80
20040810,   1.16,   0.60,   0.38,   0.10,  -0.39,   0.86,   0.93,   0.94,   1.17,   1.43,   0.72,   1.43,   1.83,   1.49,   1.14,  -0.07,   0.83,   2.17,   2.34,   1.20,   1.89,   2.38,   1.36,   2.07,   0.67,   0.48,  -1.18,   1.97,   1.77,   0.35,   0.91,   0.83,   0.99,   1.52,   2.21,   2.11,   1.25,   1.34,   2.54,   1.94,   0.95,   1.83,   0.83,   1.05,   1.29,   1.16,   1.08,   1.70
20040811,  -0.71,   0.21,  -0.53,  -0.48,   1.14,   0.09,  -0.42,  -0.24,  -0.11,  -0.39,  -0.38,  -0.14,   0.84,  -0.44,  -0.86,  -0.82,   0.85,  -0.82,  -0.62,  -0.35,  -1.03,  -0.72,  -0.54,   0.19,  -0.23,  -0.42,  -3.91,  -1.52,  -0.87,  -1.20,   0.08,  -1.03,  -0.97,  -1.16,  -2.24,  -2.31,  -1.72,  -0.21,  -0.87,   0.35,  -0.43,  -1.06,  -0.81,  -0.12,  -0.22,   0.05,  -0.68,   0.53
20040812,  -1.09,  -0.85,  -1.40,  -1.33,   0.77,  -2.09,  -1.95,  -1.92,  -1.57,  -1.25,  -1.38,  -1.60,  -1.35,  -2.70,  -0.82,  -0.94,  -1.16,  -1.96,  -2.00,  -0.19,  -1.37,  -1.86,  -2.02,  -1.67,  -1.69,  -0.64,  -0.44,  -0.05,  -1.31,  -1.45,  -0.34,  -0.70,  -0.96,  -1.47,  -2.44,  -2.07,  -1.41,  -1.34,  -1.73,  -1.48,  -1.76,  -1.51,  -2.11,  -0.51,  -0.84,  -0.08,  -0.94,  -1.52
20040813,  -0.09,   0.20,  -2.42,   1.13,   1.74,   1.12,   0.54,  -0.93,  -0.21,   0.11,   0.05,  -0.37,  -0.17,  -0.24,  -0.30,   0.35,  -0.04,   0.43,   0.30,  -0.24,  -0.02,  -0.82,  -0.37,   0.79,  -0.47,  -0.11,   2.76,   1.10,   0.58,   1.31,  -0.14,   0.26,   0.00,  -0.15,   0.00,  -0.02,  -0.12,   0.01,  -0.78,  -1.62,  -0.29,  -0.07,  -0.13,   0.12,   0.00,  -0.84,  -0.05,  -0.36
20040816,   1.15,   1.42,  -1.29,  -0.23,   1.84,   1.45,   0.73,   1.53,   1.03,   1.31,   1.90,   0.59,   1.73,   2.23,   1.98,   0.20,   2.03,   0.25,   2.20,   0.66,   1.29,   1.08,   1.33,  -0.05,   0.04,   1.00,   3.24,   2.34,   4.86,   0.20,   0.62,   1.55,  -0.13,   1.13,   1.50,   1.24,   1.68,   1.68,   2.11,   1.69,   1.38,   2.24,   0.50,   0.81,   1.17,   0.25,   1.62,   0.50
20040817,   0.66,  -1.28,   2.65,   0.52,  -0.71,   0.49,   0.38,   0.09,   0.22,   0.93,   0.89,   0.35,   0.16,   0.32,  -0.44,  -0.55,   0.09,   1.12,   0.16,   0.59,   0.41,   0.54,   0.48,   1.34,  -0.65,   0.35,   0.16,   0.71,  -1.96,  -2.36,  -0.27,   0.56,   0.12,   0.80,   0.93,   1.42,   1.17,   0.62,  -1.44,  -0.25,   0.59,   1.38,   0.74,   0.16,   0.05,   0.39,   0.87,  -0.31
20040818,   0.78,   0.80,   2.98,   1.31,   0.54,   0.34,  -0.02,   1.76,   0.71,   0.99,   1.30,   2.22,   3.17,   1.73,   0.91,   0.89,   0.90,   2.60,   1.47,   0.53,   1.61,   1.85,   0.21,   0.02,   2.01,   0.82,   1.43,   0.58,   2.72,   1.56,   1.00,   2.03,   0.90,   2.19,   2.81,   3.22,   2.66,   0.89,   2.18,   1.31,   1.03,   1.00,   0.77,   0.64,   0.86,   0.91,   0.87,   0.88
20040819,   0.06,  -0.38,  -0.57,  -0.50,  -0.94,  -0.30,  -0.88,  -0.55,  -0.76,  -0.38,  -1.16,  -0.20,   0.11,  -0.52,   0.94,  -1.20,  -0.45,   0.36,  -0.41,  -0.47,  -0.64,  -0.50,  -0.78,  -0.15,  -1.77,   0.36,   2.10,   1.28,   0.60,   1.26,  -0.50,  -1.09,  -1.08,  -0.55,  -0.46,  -0.17,  -0.71,   0.03,  -1.77,  -1.21,  -0.44,   0.06,   0.24,  -0.25,  -0.45,   0.27,  -0.49,  -0.09
20040820,   0.81,   0.85,   1.91,   2.15,   1.07,   0.50,   1.03,   1.44,   1.30,   0.60,   1.43,   1.79,   2.31,   1.10,   1.07,   1.28,   0.79,   0.80,   1.36,   0.42,   1.06,   1.90,   0.87,   0.50,   2.38,  -0.02,   1.65,   1.44,  -0.32,   1.40,   0.63,   0.99,   1.82,   1.60,   1.94,   2.08,   2.24,   0.80,   0.52,   2.04,   1.46,   0.49,   0.36,   0.72,   0.78,   0.46,   0.85,   0.75
20040823,  -0.72,  -0.64,   0.10,   1.27,  -0.72,   0.39,  -0.34,  -0.33,  -0.30,  -0.79,  -0.67,   0.09,   0.03,  -0.69,  -0.24,  -1.13,   0.44,   0.01,  -1.86,  -1.41,  -0.34,  -0.81,  -0.98,  -1.01,  -0.68,   0.33,  -2.20,  -1.78,   0.30,  -1.04,  -0.35,  -0.43,   0.46,  -0.14,   0.54,   0.21,  -0.53,  -0.56,  -1.60,  -1.20,  -0.06,  -0.84,  -0.04,  -0.48,  -0.72,   0.34,   0.00,  -0.71
20040824,   0.69,  -0.40,  -0.12,  -1.56,   3.03,   0.52,  -0.03,  -0.17,  -0.01,   0.03,  -0.11,  -0.40,   0.45,   1.26,  -0.16,  -0.09,   0.48,  -0.14,  -0.25,   1.04,  -0.20,   0.01,   0.15,   0.95,   0.92,  -0.22,  -3.07,   1.03,  -0.69,  -1.08,   0.18,   0.53,   0.04,  -0.03,  -0.43,  -0.45,   0.09,   0.18,   0.45,   0.97,  -0.28,   0.38,   0.37,   0.45,   0.23,   0.13,   0.06,  -0.27
20040825,  -0.34,   0.61,   1.21,   0.49,  -0.97,   1.25,   0.45,   0.35,   0.45,   0.17,   1.33,   0.77,   1.75,   1.20,   0.88,   0.14,   0.41,  -0.48,   0.93,   0.90,   0.78,   1.29,   0.59,   1.37,   0.47,   0.76,   2.57,   0.41,  -1.44,   0.65,   0.43,   0.57,   0.60,   1.33,   0.90,   1.47,   1.07,  -0.01,   1.10,   0.69,   0.47,   0.87,   0.29,   0.55,   0.78,   0.00,   0.75,  -0.29
20040826,  -0.19,  -0.01,  -0.47,  -0.98,   0.55,  -0.68,   0.45,   0.29,   0.01,  -0.34,  -0.06,  -0.20,  -0.27,   0.29,  -0.64,  -0.05,  -0.02,   0.27,   0.12,  -0.30,  -0.64,  -0.67,  -0.22,  -0.16,  -0.48,   0.24,  -0.01,   0.97,   1.36,   0.29,   0.02,  -0.78,   1.36,  -0.57,  -0.56,  -0.80,  -0.74,   0.33,  -0.51,   0.04,  -0.08,  -0.21,   0.44,   0.07,  -0.38,   0.69,  -0.09,   0.40
20040827,   0.30,   0.86,   0.27,   0.10,   0.81,   1.46,   0.57,   0.49,  -0.04,   0.42,   1.05,   0.96,   1.43,   0.52,   1.47,  -0.26,   0.20,   0.48,   1.35,  -0.22,   0.83,   1.53,   0.81,   0.24,   0.42,   0.63,  -0.53,   0.71,   3.10,   0.69,   0.28,   0.35,  -0.48,   0.63,   0.73,   0.96,   0.38,   0.30,   0.57,  -0.11,   0.42,   0.39,   0.10,   0.33,   0.75,   0.08,   0.14,   0.72
20040830,  -0.77,  -1.45,   0.43,  -0.48,  -0.11,  -0.14,  -0.73,   0.19,   0.22,  -1.59,  -0.71,  -0.76,  -1.21,  -0.64,  -0.47,  -1.52,  -0.56,  -0.65,  -1.28,   0.74,  -0.69,  -0.20,  -0.93,  -0.81,  -1.27,  -0.74,  -0.53,  -1.28,  -1.11,  -0.72,   0.07,  -0.55,  -0.57,  -0.98,  -1.21,  -1.20,  -1.52,  -0.89,  -1.03,  -0.81,  -0.22,  -1.17,  -0.66,  -0.10,  -0.27,   0.30,  -0.70,  -0.42
20040831,   0.51,   0.91,   0.44,  -0.04,   1.39,   0.78,   0.60,   0.63,   0.11,   0.21,   0.82,   1.11,   1.21,   0.70,   0.69,   0.50,   0.60,   1.26,   1.25,   0.19,   0.46,   0.98,   0.39,  -0.43,  -0.39,   1.01,   2.96,   1.58,   0.69,   1.28,   1.03,   0.70,   0.91,   0.45,   0.59,   0.11,   0.84,   0.59,   0.23,   0.53,   0.25,  -0.20,   0.53,   0.46,   0.50,   0.86,   0.65,   0.34
20040901,   0.49,   0.00,   0.44,   0.67,   0.58,  -0.19,   0.29,   0.22,   0.52,   0.13,   0.11,   0.82,   1.41,   0.90,  -0.80,   0.50,   0.25,   0.63,   0.69,   0.21,   0.61,   0.43,   0.00,   1.46,  -0.57,   0.78,  -0.37,   1.63,   2.09,   2.06,   0.35,  -0.02,   1.79,   0.39,   0.42,   0.81,   0.02,   0.44,   1.03,  -0.08,   0.43,   0.52,   0.51,   0.05,  -0.09,   0.27,   0.20,   0.70
20040902,   1.13,   0.60,   0.73,   0.17,  -0.14,   0.45,   0.63,   0.62,   0.78,   1.89,   0.58,   0.86,   1.08,   1.64,   0.88,   0.65,   1.50,   0.42,   1.18,  -0.03,   1.08,   0.94,   1.37,   1.95,   1.06,   2.36,  -0.80,   0.53,   1.78,   0.71,   0.63,   1.13,   1.09,   1.07,   1.03,   0.55,   1.44,   1.26,   1.33,   1.56,   0.93,   1.83,   0.38,   0.75,   0.95,   0.71,   1.09,   1.34
20040903,  -1.22,  -0.28,   0.19,   0.96,  -0.72,   0.50,  -0.27,  -0.48,   0.39,  -0.05,   0.32,   0.02,  -0.51,  -0.05,   0.87,   1.19,   0.16,  -0.23,   0.05,   0.52,  -0.78,  -0.78,  -0.55,   1.02,   0.19,  -0.81,  -0.59,  -0.44,  -0.53,   0.16,  -0.47,  -0.99,  -0.09,  -0.50,  -1.07,  -1.63,  -1.23,  -0.07,  -0.41,  -0.19,  -0.14,  -0.04,   0.04,  -0.03,  -0.04,   0.18,  -0.36,  -0.54
20040907,   1.21,   0.47,   0.49,   1.04,  -0.69,   0.95,   1.06,   0.53,   1.05,   0.68,   0.74,   0.97,   0.51,   1.11,   0.21,   1.64,   1.09,   1.19,   1.37,  -0.25,   0.96,   0.18,   1.17,   1.44,  -0.30,   0.60,  -0.32,   0.78,   1.46,   0.01,   0.58,   0.90,   0.86,   0.89,   1.37,   0.55,   0.10,   0.60,   1.33,   0.74,   0.86,   0.70,   0.20,   0.61,   0.86,  -0.10,   0.88,   1.10
20040908,  -1.21,  -0.78,  -2.58,  -0.63,  -0.75,  -0.19,   0.33,  -0.51,   0.00,  -0.02,  -0.77,  -0.78,  -0.85,  -1.04,  -0.85,  -0.76,  -0.29,  -0.39,  -0.24,  -0.66,  -0.45,  -0.69,  -0.49,  -0.42,  -0.20,   2.07,  -0.20,  -0.66,  -0.95,  -0.49,  -0.64,  -0.84,  -0.45,  -0.45,  -0.33,  -0.81,  -0.44,  -0.54,  -0.59,  -0.66,  -0.37,  -0.71,   0.06,  -0.14,  -0.66,  -0.21,  -0.55,  -0.33
20040909,   1.55,   0.59,   1.89,   0.04,  -0.24,   0.22,   0.10,   0.83,   1.19,   0.20,   0.31,   0.22,   0.77,   1.40,   0.35,  -0.04,   0.87,   1.39,   2.58,   0.98,   1.60,   1.22,   0.14,  -0.26,   1.48,  -0.46,   1.78,   1.03,   0.11,   1.87,   0.61,   0.51,   0.91,   1.13,   1.14,   3.22,   0.98,   0.05,   0.70,   0.41,   1.06,  -0.38,   1.00,   0.64,   0.52,   0.90,   1.07,   0.01
20040910,  -1.56,  -0.05,   0.11,  -0.62,   1.12,   0.31,   0.10,   0.07,   0.26,   1.11,   0.33,   0.94,   0.99,   0.36,   0.32,   0.47,  -0.14,  -0.27,   0.52,   1.25,   1.04,   0.66,  -0.33,  -0.15,  -0.48,   1.30,   0.28,  -0.61,  -2.00,  -0.67,   0.16,   0.15,   0.03,   1.39,   1.30,   1.87,   1.14,  -0.32,  -0.32,   0.68,  -0.07,   1.12,  -0.22,   0.28,   0.22,  -0.14,   0.94,   0.45
20040913,   3.48,  -0.01,   0.15,  -0.69,  -0.30,  -0.03,   0.98,   0.36,   0.48,  -0.06,   0.61,   0.71,   1.13,   0.16,   0.86,  -0.68,   0.36,   1.35,   0.15,   0.37,   0.64,   0.92,   0.00,   0.40,  -0.05,   0.94,   0.91,   0.20,  -0.20,   0.34,  -0.19,  -0.01,   0.27,   0.92,   0.72,   1.71,   1.16,   0.37,   0.12,  -0.41,   0.56,   0.71,   0.26,   0.23,   0.49,   0.94,   0.66,  -0.24
20040914,   0.71,   0.25,   1.25,  -0.14,   1.43,  -0.63,  -0.09,  -0.29,   0.42,   0.09,   0.05,   0.20,   0.30,  -0.18,  -0.06,  -0.37,  -0.06,  -0.39,  -0.47,  -1.19,  -0.05,  -0.53,  -0.43,  -0.41,  -0.25,  -0.49,   1.65,   0.78,  -1.92,   0.23,  -0.30,   0.44,   0.05,   0.40,  -0.64,  -0.53,   0.26,  -0.90,  -0.20,  -0.37,  -0.23,   0.17,   0.39,  -0.03,  -0.17,   0.14,  -0.11,  -0.23
20040915,  -0.76,  -0.47,  -2.87,  -0.97,  -1.10,  -0.59,  -0.78,  -0.61,  -0.80,   0.13,   0.55,  -0.13,  -0.43,  -0.31,  -0.52,  -0.25,   0.32,  -0.20,  -0.27,  -0.59,  -0.58,  -0.15,  -0.86,  -0.44,  -0.30,   3.44,  -0.48,  -1.18,  -0.71,   0.01,  -0.09,  -0.53,   0.03,  -0.69,  -1.13,  -1.26,  -0.63,  -0.22,  -0.57,  -0.54,  -0.51,   0.07,  -0.52,  -0.02,   0.33,   0.08,  -0.25,   0.23
20040916,  -0.12,   0.09,  -0.64,  -0.20,  -0.12,   0.30,   0.28,   1.00,   0.29,   0.57,   0.46,   0.49,   0.79,   0.82,   1.47,   0.07,   0.50,   1.12,   0.56,   0.22,   0.74,   0.45,   0.49,   0.78,   0.07,   0.51,   1.25,   0.46,   2.10,   0.86,   0.75,   1.11,   0.15,   0.84,   0.69,   0.79,   0.69,   0.79,   0.60,   0.26,   0.27,   0.87,   0.87,   0.39,   0.79,  -0.20,   0.83,   1.36
20040917,  -0.73,   0.19,  -0.73,  -0.21,   1.39,   1.26,   0.18,  -0.15,   0.32,  -0.65,  -0.33,   0.08,   0.37,  -0.40,   0.11,   0.91,  -0.18,  -0.58,  -0.36,  -0.44,   0.24,   0.04,   0.29,   0.56,   0.32,  -0.68,  -1.15,   0.17,  -0.21,   0.73,   0.19,   0.02,   0.09,   0.20,   0.42,   0.44,   0.31,  -0.32,  -1.31,   0.09,   0.50,  -0.35,   0.23,  -0.19,  -0.03,   0.16,  -0.31,  -0.49
20040920,  -0.37,  -0.16,   0.41,  -0.56,  -2.20,  -0.76,   0.32,  -0.39,   0.00,  -0.32,   0.18,  -1.00,  -0.46,  -0.23,  -0.68,   0.51,   0.09,  -0.93,  -1.71,  -1.27,   0.47,  -1.41,  -1.19,  -0.40,   0.30,  -1.53,  -0.35,  -0.13,   1.53,   0.52,  -0.27,  -0.09,  -0.74,  -0.09,  -0.29,   0.72,   0.12,  -0.90,  -1.03,  -0.04,  -0.15,  -0.41,  -0.37,  -0.38,  -0.31,  -0.62,  -0.49,   0.09
20040921,  -0.69,  -0.68,  -0.79,   1.00,   0.11,   0.89,   0.64,   1.50,   0.55,   0.56,   0.55,   1.27,   0.59,   0.23,   0.10,   0.60,   0.68,   2.14,   0.55,  -0.89,   0.16,   0.66,   0.87,  -0.17,   0.28,   0.03,   4.48,   2.06,   1.40,   2.44,   0.38,   0.83,   0.99,   0.62,   0.99,   1.01,   0.57,   0.36,   0.47,   0.72,   0.45,   0.78,   1.39,   0.54,   0.55,   0.06,   0.86,   0.85
20040922,   0.44,  -0.66,  -1.39,  -1.60,   0.67,  -1.88,  -0.85,  -1.43,  -0.66,  -0.69,  -1.05,  -1.43,  -1.62,  -1.36,  -1.09,  -1.38,  -1.49,  -0.69,  -1.85,  -0.96,  -1.47,  -1.34,  -1.46,  -0.96,  -0.97,  -0.62,  -0.83,  -0.64,   0.40,  -0.60,  -0.57,  -1.05,  -0.82,  -1.25,  -1.57,  -1.74,  -2.01,  -1.40,  -1.20,   0.20,  -1.26,  -1.42,  -1.24,  -0.52,  -1.16,  -0.43,  -1.34,  -1.00
20040923,  -0.52,   0.40,  -0.12,   0.11,   2.82,  -0.41,   0.73,   0.90,  -0.26,   0.24,  -0.29,  -0.47,  -0.03,  -0.12,  -0.12,  -0.05,  -0.05,  -0.75,  -0.82,  -0.71,   0.29,   0.94,  -0.50,   0.41,   1.15,   0.48,   2.36,  -0.37,  -2.12,   0.59,  -0.34,   0.40,   0.23,  -0.03,   0.11,   0.31,   0.01,   0.01,  -0.33,  -1.21,  -0.03,  -0.15,  -0.10,  -0.38,  -0.25,   0.01,  -0.28,  -0.25
20040924,   0.13,   0.51,   0.03,  -0.65,  -2.59,  -0.91,   0.01,   0.09,   0.39,  -0.33,   0.65,   0.25,   0.27,   0.70,   1.06,  -0.15,   0.11,   0.55,   0.44,   1.05,  -0.23,  -0.65,   0.28,   0.83,   0.36,   0.59,  -1.58,   0.73,   1.78,   2.04,  -0.03,   0.12,   0.70,  -0.20,  -0.96,  -0.88,  -0.62,   0.43,   1.43,   0.49,   0.54,   0.33,   0.07,   0.17,   0.34,  -0.19,   0.92,  -0.06
20040927,   0.15,  -1.53,  -2.09,   0.05,  -1.70,  -0.33,  -0.82,  -1.32,  -1.11,  -1.49,  -0.77,  -1.57,  -1.21,  -0.45,  -1.64,  -1.06,  -0.64,   0.11,  -0.27,  -0.68,  -0.85,  -1.04,  -1.87,  -2.00,  -0.93,  -2.00,  -1.08,  -0.16,  -1.15,   0.15,  -0.16,  -1.44,  -0.41,  -0.98,  -1.70,  -1.73,  -1.54,  -0.72,  -1.69,  -1.20,  -1.20,  -1.30,  -0.83,  -0.45,  -0.81,  -0.46,  -1.15,  -0.91
20040928,   0.62,   0.91,  -0.23,  -0.19,   1.79,  -0.18,   1.45,   0.49,   0.07,   1.02,   0.65,   0.68,   1.35,   1.76,  -0.05,  -0.47,   0.54,  -0.39,   3.03,   0.28,   0.50,   1.64,  -0.41,   1.01,   0.75,   1.21,   3.09,   1.93,   2.46,   1.83,   0.76,   0.12,   0.20,   0.56,   0.28,  -0.06,   0.32,   1.05,   1.45,   1.32,   0.64,   0.49,   0.20,   0.69,   0.57,   0.95,   0.61,   0.76
20040929,  -0.32,   0.33,   0.47,   0.54,   0.68,   0.76,   0.83,   0.90,   0.98,   0.48,   0.28,   0.47,   0.49,   1.14,   1.79,   2.20,   0.90,  -0.74,   1.14,  -0.84,   1.14,   1.49,   0.15,  -0.42,   0.12,  -0.18,   1.02,  -0.23,  -1.17,  -0.73,   0.07,   0.61,  -0.04,   1.36,   1.53,   1.14,   0.64,   0.68,   2.07,   1.27,   1.13,   0.89,   0.88,   0.37,   0.33,   0.36,   0.50,   1.04
20040930,   1.07,   0.85,   0.39,   0.83,   0.82,   0.11,   0.58,   0.61,   0.01,   0.08,   0.40,   0.19,   0.40,   0.41,   1.01,   1.51,   0.80,   0.82,  -0.05,   0.66,   0.61,   0.38,   0.62,   0.90,   1.21,   0.23,   3.86,   3.30,   0.45,   0.53,   0.25,   0.28,   0.74,   0.48,   0.78,   1.08,   0.55,   0.93,   0.83,  -0.40,   1.16,   0.39,   0.31,   0.30,   0.76,   0.54,   0.79,   0.62
20041001,   0.74,   0.80,   0.23,   1.72,   1.08,   1.73,   0.79,   0.96,   1.11,   0.74,   0.73,   0.55,   0.99,   1.37,   2.40,   0.59,   1.47,   0.75,   1.63,   1.02,   2.12,   1.80,   1.44,   1.43,   1.94,   1.76,   1.71,   0.55,   0.44,   1.47,   0.99,   1.88,   1.27,   1.87,   2.14,   2.77,   2.79,   1.17,   1.26,   2.03,   1.46,   1.26,   0.32,   0.89,   1.25,   1.32,   1.23,   0.30
20041004,   1.92,   0.30,   0.84,  -1.07,  -0.47,   1.21,   1.55,   0.27,   0.22,  -0.32,   0.11,   0.13,   0.75,   0.58,  -0.03,  -0.03,   0.29,  -1.05,   2.80,  -0.13,   0.84,   1.36,  -0.32,   0.47,  -0.56,   0.96,  -1.63,  -0.13,   0.16,   0.24,   0.15,   0.93,  -0.64,   0.98,   1.37,   1.39,   0.77,  -0.09,  -0.04,   0.63,  -0.30,   0.77,   0.48,   0.13,   0.45,   0.62,  -0.03,   0.24
20041005,   0.03,  -0.42,  -1.77,  -0.55,   0.17,   0.53,  -0.50,   0.39,  -0.32,  -0.27,   0.57,   0.37,  -0.71,  -0.25,  -0.74,  -0.35,  -0.29,  -1.15,  -0.14,  -0.83,   0.58,   0.35,  -0.51,  -0.52,   0.45,   0.24,   1.43,   0.58,   1.81,   1.59,   0.21,  -0.10,  -0.04,   0.04,  -0.22,  -0.06,  -0.60,  -0.55,  -0.55,  -0.31,   0.10,   0.18,  -0.70,  -0.12,  -0.53,  -0.29,  -0.36,  -0.46
20041006,   0.44,   0.30,   0.82,  -0.50,  -0.62,   0.67,   0.19,   0.59,   0.44,   0.60,   1.12,   0.36,   0.50,   0.95,  -0.51,   1.79,   0.77,   0.96,   1.74,   0.15,   0.93,   0.83,   0.20,   0.30,   1.09,  -0.42,  -0.70,   0.41,   2.70,   2.25,   0.62,   0.80,   0.12,   0.87,   0.59,   0.36,   0.55,   0.77,   1.73,   1.80,   0.32,   0.31,   0.30,   0.60,   0.43,   0.30,   0.51,   0.02
20041007,  -0.04,  -0.84,   0.65,   0.86,  -1.53,  -0.60,  -1.38,  -1.01,  -0.73,  -0.68,  -1.12,  -1.47,  -2.15,  -1.52,  -0.91,  -1.34,  -0.83,  -2.20,  -1.16,  -1.16,  -0.88,  -0.60,  -2.06,  -0.90,  -1.86,  -5.87,  -0.52,  -0.76,  -2.03,  -0.68,  -0.80,  -1.05,  -0.44,  -1.03,  -1.72,  -0.74,  -1.19,  -0.97,  -2.10,  -1.43,  -0.20,  -0.61,  -0.58,  -0.50,  -0.82,   0.40,  -0.08,  -0.65
20041008,  -0.03,   0.14,   0.84,  -0.16,  -0.29,  -0.84,  -0.92,  -0.67,  -1.30,  -0.81,  -0.15,  -1.15,  -0.87,  -0.75,  -0.97,  -0.99,  -0.71,  -0.36,  -1.73,  -1.85,  -1.00,  -1.81,  -1.11,  -1.34,  -0.23,  -1.86,   1.51,  -0.32,  -0.57,  -0.40,   0.16,  -0.84,  -0.63,  -1.31,  -1.51,  -1.98,  -1.52,  -0.39,  -0.43,  -0.50,  -0.87,  -0.72,   0.13,  -0.36,  -0.50,   0.37,  -0.79,  -0.74
20041011,  -0.99,  -0.14,   0.32,  -1.29,   0.55,   1.06,  -0.09,   0.15,  -0.29,   0.62,   0.37,   0.27,   0.80,   1.06,  -0.08,  -0.13,   0.27,  -0.47,  -1.47,   0.44,  -0.09,   0.81,   0.21,   0.10,   0.10,  -0.12,  -0.25,  -0.82,  -1.17,  -0.61,   0.11,   0.51,   0.69,   0.62,   0.43,   0.47,   0.38,   0.23,   0.31,  -0.11,   0.00,   0.21,  -0.36,   0.46,   0.48,   0.32,   0.41,   0.15
20041012,   0.05,  -0.70,  -0.29,   0.25,  -1.06,  -1.34,  -0.17,  -0.03,   0.17,  -0.15,  -0.34,   0.21,  -0.88,  -0.47,  -0.27,   0.60,  -0.04,   0.42,  -1.31,   0.16,  -0.32,  -0.31,  -0.08,   0.71,   0.10,  -0.60,  -3.37,  -2.43,  -1.35,  -1.16,   0.41,   0.12,   0.15,  -0.03,  -0.31,  -0.78,  -0.57,  -0.61,  -0.57,   0.36,  -0.65,  -0.25,   0.56,   0.12,  -0.10,  -0.20,   0.33,  -0.46
20041013,  -1.19,  -0.49,  -1.45,  -0.16,  -0.81,  -0.59,   0.40,  -0.39,  -1.00,  -0.69,  -0.31,  -1.00,  -1.43,  -1.72,  -1.15,  -1.78,  -1.29,  -1.34,  -4.32,  -1.52,  -0.72,  -0.59,  -0.86,  -1.14,  -1.16,  -2.83,  -3.03,  -5.30,  -2.58,  -2.67,  -1.32,  -0.39,  -0.04,  -0.71,   0.33,   0.31,  -0.02,  -1.21,  -1.35,  -0.85,  -0.84,  -0.40,   0.48,  -0.48,  -0.67,  -0.05,  -0.53,  -0.92
20041014,  -0.15,   0.00,  -2.03,  -1.39,  -0.32,  -0.19,  -0.16,  -0.53,  -1.36,  -0.48,  -0.84,  -0.60,  -0.87,  -0.48,  -0.83,  -0.44,  -0.72,  -0.28,  -0.73,  -2.08,  -1.39,  -0.81,  -1.60,  -0.63,  -0.02,  -1.41,   0.53,  -0.16,   0.40,   1.31,  -0.18,  -1.48,  -0.77,  -0.84,  -0.91,  -1.42,  -0.85,  -1.23,  -0.08,   0.82,  -0.26,  -1.19,  -0.39,  -0.60,  -2.21,  -0.16,  -0.92,  -0.41
20041015,   0.39,   0.06,   0.88,   0.82,   1.01,   0.20,  -0.45,   0.67,   0.13,   0.96,  -0.01,  -0.19,   0.29,   1.63,   0.75,  -0.50,   0.93,   0.70,   1.11,   0.60,   0.39,  -0.04,   1.36,   1.06,   1.34,   2.73,   0.81,   1.55,  -0.26,   0.11,   0.80,   0.23,   0.98,   0.51,   0.02,  -0.09,   0.21,   0.63,   0.25,   0.10,  -0.12,   0.43,   0.63,   0.82,  -0.32,  -0.08,   0.84,   0.98
20041018,  -1.12,   0.12,  -0.87,   0.28,  -0.81,  -0.62,   0.35,   0.59,  -0.30,   0.15,  -0.21,   0.42,   1.01,   1.24,   1.25,   0.23,  -0.78,   0.09,  -0.67,  -0.21,  -0.31,   0.04,  -0.32,  -0.33,  -0.87,   0.44,  -1.59,  -1.61,  -0.79,  -1.33,  -0.29,  -0.23,   0.80,   0.43,   0.57,   0.70,   0.77,  -0.43,  -0.22,  -0.08,   0.05,   0.95,   0.17,   0.25,  -0.20,   0.21,   0.09,   0.00
20041019,   1.62,   0.35,  -0.64,   1.44,  -0.85,  -3.36,  -0.25,  -1.02,  -0.44,  -0.33,  -1.77,  -1.16,  -1.16,  -1.74,   0.04,  -1.24,  -0.22,   0.68,  -2.69,  -0.59,  -0.25,  -0.72,  -0.90,  -0.24,   0.55,  -0.16,  -0.65,  -2.18,  -1.81,  -0.23,  -0.62,  -1.13,  -1.10,  -0.07,  -0.25,  -0.04,  -0.74,  -1.08,  -1.80,  -1.65,  -0.89,  -0.47,  -0.06,  -0.38,  -2.64,   0.16,  -0.18,  -0.19
20041020,   1.14,   0.09,  -0.07,   1.16,   0.42,  -0.51,   0.12,   0.18,  -0.35,  -0.01,   0.65,   0.59,   0.78,   1.08,  -0.52,  -0.05,   0.25,   0.20,   1.81,  -0.20,   0.31,   0.46,  -0.44,   0.41,   0.03,   0.02,   4.15,   1.74,   2.67,   2.68,   0.45,   0.22,  -0.14,   0.13,   0.06,   0.77,   0.06,   0.35,   2.40,   0.03,  -0.03,   0.38,  -0.22,   0.06,   0.73,   0.66,   0.17,  -0.26
20041021,  -0.33,   0.54,   0.30,   0.03,  -0.61,   2.73,   0.84,   0.58,   0.73,   1.18,  -0.29,  -0.06,  -0.13,   0.75,   0.38,   2.14,   0.68,   1.01,   1.82,  -0.54,   1.12,   0.83,   0.49,  -0.18,   0.62,   1.45,  -0.15,   0.95,   2.78,   1.53,   0.19,   0.65,   0.16,   1.34,   0.91,   2.07,   1.19,   0.90,   2.24,   1.09,   0.92,   0.80,   0.50,   0.25,   0.08,  -0.03,   0.47,   0.41
20041022,   0.45,  -0.25,   1.23,   0.12,   0.85,  -0.20,  -0.03,  -0.73,  -0.17,  -1.54,  -0.18,  -0.68,  -0.90,  -1.19,  -0.42,  -0.74,  -0.13,  -0.53,  -1.05,  -1.62,  -1.17,  -1.03,  -0.74,   0.04,  -1.44,  -0.22,  -3.27,  -1.83,   1.80,   0.05,  -0.25,  -0.89,  -1.21,  -1.28,  -1.28,  -1.88,  -0.98,  -0.75,  -0.92,  -0.75,  -0.59,  -0.75,  -0.70,  -0.63,  -0.21,  -0.79,   0.10,  -0.59
20041025,   0.04,  -0.90,   0.12,   0.02,  -0.19,   0.33,   0.73,  -0.40,  -0.31,   1.03,   0.24,  -0.11,  -0.54,   0.18,   1.32,   2.98,   0.69,   0.90,   2.44,  -2.14,   0.18,   0.33,   0.24,  -0.42,   2.66,  -0.27,   2.89,   1.80,   0.23,   0.61,   0.71,   0.38,   0.17,   0.38,   0.37,  -0.11,   0.34,  -0.23,   0.22,   0.39,   0.44,  -0.10,  -0.61,   0.54,   0.70,   0.02,   0.17,   0.41
20041026,  -0.06,   0.73,  -1.23,   0.81,   0.99,   0.86,   0.78,   1.02,   0.88,   0.53,   0.95,   0.41,   0.98,   0.43,   0.37,   0.63,   0.74,   2.14,   1.82,   1.96,   0.50,   0.70,   1.28,   0.84,   1.53,   0.78,   0.54,   0.71,   1.08,   0.91,   1.00,   1.16,   2.10,   0.39,   0.49,  -0.09,  -0.23,   0.74,   0.06,   1.15,   0.68,   1.25,   0.45,   0.84,   2.45,   1.47,   0.78,   1.36
20041027,   1.19,   0.93,   0.46,  -0.15,   1.00,   0.50,   1.89,   1.56,   1.46,   1.06,   1.73,   1.74,   1.73,   0.96,   0.91,   2.45,   0.11,   1.35,  -0.63,   1.08,   0.27,   0.73,   1.28,   0.90,   0.33,  -0.60,  -2.82,   0.03,  -3.04,  -1.15,   0.20,   2.10,   0.38,   1.81,   1.65,   1.94,   1.98,   0.20,   0.31,   0.90,   1.80,   1.52,   0.78,   0.81,   1.37,   1.39,   0.93,   0.28
20041028,   0.95,  -0.36,   1.27,   0.68,   1.65,   2.15,   0.34,  -0.27,  -0.42,  -0.32,   0.38,  -0.06,   0.46,  -0.70,   0.57,  -1.03,  -0.21,   0.85,  -2.19,   1.47,  -0.47,  -1.37,  -0.39,   0.30,  -0.89,  -0.11,  -0.64,  -2.28,  -4.56,  -2.18,  -0.22,  -0.04,   1.72,   0.14,   0.52,  -0.05,  -0.60,   0.75,   0.91,   0.52,  -0.16,   0.64,  -0.30,   0.10,   0.48,   0.00,   0.66,   0.60
20041029,  -0.36,   0.63,  -0.31,   1.38,   0.48,  -0.43,  -0.12,  -0.24,  -0.30,   0.54,   0.26,   0.29,  -0.06,   0.60,   0.88,   0.98,  -0.28,  -0.02,   0.27,   0.07,   0.43,   0.75,   0.78,   0.33,   1.04,   0.06,   2.72,   0.78,   1.25,   0.85,   0.14,   0.35,  -0.16,  -0.29,   0.78,   0.01,  -0.44,   0.13,   1.07,  -0.04,   0.63,  -0.04,   0.86,   0.08,  -0.29,   0.76,   0.26,   0.40
20041101,   0.22,  -0.21,  -1.00,   2.02,   0.75,   0.11,  -0.03,   0.00,  -0.10,   0.78,   0.02,  -0.08,   0.23,  -0.41,   0.02,  -0.49,   0.45,   0.72,   0.45,   0.57,  -0.09,   0.13,  -0.12,   1.27,  -1.31,   0.64,  -1.36,  -0.36,  -0.46,  -0.25,   0.48,   0.09,  -0.79,   0.29,   0.23,   0.28,   0.00,  -0.05,   0.43,   0.92,  -0.30,   0.67,   0.06,  -0.08,   0.23,   0.06,   0.26,   0.70
20041102,   0.21,  -0.52,  -0.13,   0.79,   0.23,  -1.13,  -0.02,  -0.02,   0.38,   0.68,  -0.02,   0.08,  -1.02,  -0.28,  -0.12,  -0.16,  -0.07,   0.65,   0.00,   0.49,   0.47,   0.08,   0.20,  -0.11,   1.08,  -0.86,  -3.00,  -1.04,  -1.62,  -1.08,  -0.97,   0.61,   0.06,   0.11,   0.42,   0.51,   0.58,   0.20,  -0.15,  -0.20,   0.42,   0.30,   0.27,  -0.02,   0.30,  -0.40,  -0.18,   0.36
20041103,   1.00,   1.32,   2.32,  -0.06,   1.20,   1.37,   0.90,   0.64,   0.76,   1.01,   2.20,   1.52,   1.47,   1.26,   1.33,   0.24,   1.61,   1.19,   2.47,   2.17,   1.58,   0.74,   0.98,   1.17,   3.05,   4.07,  -3.83,   2.21,   5.15,   2.08,   1.63,   1.34,   0.32,   1.02,   0.72,   0.52,   1.33,   0.93,   2.97,   0.88,   1.14,   0.77,   0.85,   0.82,   1.16,   1.07,   0.94,   0.74
20041104,   0.18,   0.63,  -0.48,   1.41,   4.05,   0.97,   3.68,   1.43,   0.86,   0.96,   0.88,   0.20,  -0.13,   1.60,   1.79,   0.32,   0.80,   0.00,   1.48,   3.03,   0.52,   1.70,   1.11,   1.17,  -0.67,   3.87,   1.16,   2.11,   1.56,   0.78,   1.50,   0.72,   2.04,   0.30,   0.10,   0.00,   0.35,   1.01,   0.96,   1.59,   0.97,   1.69,   0.89,   0.47,   1.45,   0.56,   0.86,   2.60
20041105,  -0.34,   0.45,   2.87,   0.61,  -1.45,   0.38,   0.34,   1.29,   1.07,   0.14,   1.13,   1.09,   1.12,   0.56,  -0.30,  -1.52,   0.34,   0.01,   0.20,   0.69,   0.94,  -0.06,   1.86,   1.09,   3.04,   0.73,   1.33,   0.91,  -0.81,  -0.37,  -0.32,   0.36,   0.02,   0.80,   1.09,   1.52,   0.41,   0.63,  -2.64,   1.06,   1.81,   1.28,   0.52,   0.21,   0.29,  -0.35,   0.30,   0.31
20041108,   1.82,   0.54,   0.92,   1.01,  -0.23,  -0.94,  -0.79,   0.68,  -0.50,  -0.74,  -0.26,   0.60,  -0.04,  -0.05,   0.02,   0.47,   0.12,  -0.40,   0.09,  -2.76,  -0.27,   0.41,  -0.95,  -0.37,  -0.08,   3.24,  -1.04,  -0.35,  -1.65,  -2.00,   0.12,   0.54,   0.85,   0.31,   0.29,   0.26,   0.25,   0.34,  -0.32,  -0.06,   0.44,  -0.31,   0.09,  -0.20,   0.06,   0.80,   0.05,  -0.18
20041109,   0.99,   0.59,  -0.91,  -0.30,  -1.05,   0.62,  -0.18,  -0.13,   1.57,   0.06,   1.39,   0.81,   0.59,   1.29,   1.59,   0.96,   0.66,   0.27,   1.65,   3.66,   0.56,   0.70,   0.24,   0.22,   1.20,   7.71,   0.87,   0.81,   0.74,  -0.19,   0.27,   1.62,   0.45,   0.78,   0.37,   0.72,  -0.21,   0.39,  -0.04,   0.68,   0.79,  -0.07,   0.95,   0.15,   0.38,   0.03,   1.08,   0.04
20041110,  -0.27,   0.06,   3.03,   0.39,   0.15,   1.44,   0.22,   8.11,   0.03,   0.59,   0.74,   2.17,   0.61,   0.15,   1.16,   0.78,   0.43,  -0.27,   0.69,   2.47,   0.32,   0.37,   0.88,   0.52,   3.73,  -0.94,  -1.15,  -0.06,  -0.55,   0.99,   0.23,   0.50,   0.70,   0.43,   0.29,  -0.25,   0.34,   0.32,  -0.03,  -0.78,   0.54,   0.85,   0.85,   0.57,   0.80,  -0.69,   0.57,   1.86
20041111,   1.74,   0.77,   5.76,  -0.47,   1.27,   1.40,   1.77,  -1.65,   0.85,   0.68,   0.74,   0.81,   0.80,   1.12,   2.84,   1.18,   1.16,   0.01,   1.52,   1.75,   1.12,   1.32,   0.65,   1.29,  -0.65,   1.60,  -0.10,   0.54,   0.38,  -0.03,   0.85,   0.82,   1.07,   0.73,   1.07,   1.31,   0.96,   1.41,   0.62,   1.51,   1.59,   0.81,   0.85,   0.59,   0.99,   0.86,   2.11,   0.30
20041112,   0.36,   1.47,  -0.44,  -0.90,   2.79,   0.43,   1.49,   0.06,   1.11,   1.70,   0.35,   0.21,   0.22,   0.75,  -0.50,   2.95,   1.50,   1.24,   3.98,   0.73,   0.63,  -0.01,   0.47,  -0.58,   0.97,  -0.71,   3.51,   2.67,   4.19,   1.37,   0.93,   1.33,   1.28,   1.02,   0.80,   0.71,   0.47,   0.14,   0.18,   0.44,   0.86,   1.63,   0.29,   0.38,   0.14,   0.82,   0.84,   0.27
20041115,   0.55,  -0.09,  -0.23,   0.75,  -1.21,   0.52,   0.90,   1.74,  -0.29,  -0.30,   0.40,   0.72,   0.10,  -0.28,  -0.13,  -0.62,   0.55,   1.46,   0.51,   0.91,   0.70,   0.18,   0.67,  12.40,   0.37,   0.86,  -2.98,  -0.15,  -1.84,  -2.09,  -0.46,  -0.27,   0.02,   0.75,   0.82,   1.45,   0.93,  -0.42,  -0.22,   0.86,   1.07,   0.64,   0.05,   0.19,   0.40,  -0.12,   0.54,  -0.03
20041116,  -1.34,  -0.95,  -1.58,  -0.66,   0.44,  -0.41,  -0.16,  -0.75,   0.28,  -0.60,  -0.23,   0.15,  -0.50,  -0.72,  -0.85,   1.18,  -0.50,  -0.58,  -1.01,  -0.07,  -0.67,  -0.90,  -1.05,  -0.51,   0.78,  -0.86,   3.37,  -0.54,   1.21,  -0.20,  -0.36,  -0.02,   0.16,  -0.79,  -0.36,   0.32,  -0.11,  -0.13,  -0.38,  -0.07,  -0.77,  -1.16,  -0.62,  -0.45,  -0.41,  -0.02,  -0.47,   0.06
20041117,   1.46,   0.76,   0.49,   0.00,   1.43,  -0.56,   0.04,  -0.11,   0.05,   0.54,   0.83,   0.67,   0.55,   0.85,   1.14,   0.11,   0.14,   0.52,   1.69,   1.93,   1.31,   1.60,   0.89,   0.63,   2.06,  -0.59,   3.59,   0.82,   3.28,   1.86,  -0.04,   0.79,   0.73,   1.08,   1.43,   2.23,   1.48,   0.75,   0.28,   0.74,   0.78,   0.82,   0.57,   0.44,   0.44,   0.67,   0.79,   1.63
20041118,  -0.39,  -0.15,   0.16,  -0.35,   2.57,   1.11,   0.85,  -0.10,  -0.26,   0.27,   0.37,  -0.12,   0.18,   0.69,   0.76,   1.14,  -0.03,  -0.63,  -0.12,   2.05,   0.62,   0.07,   0.49,   0.90,  -0.24,  -0.71,  -1.28,  -0.77,   0.41,   0.50,   0.10,   0.05,  -0.02,   0.02,   0.35,   0.32,   0.48,  -0.39,   0.53,   0.16,   0.19,  -0.28,  -0.66,  -0.06,  -0.22,   0.15,   0.37,   1.14
20041119,  -0.31,  -0.90,  -0.69,  -0.28,  -0.44,  -1.85,  -0.98,  -0.97,  -0.03,  -0.08,  -0.32,  -0.79,  -0.88,   0.81,  -0.04,   0.26,  -0.87,  -0.42,  -0.55,  -0.34,  -0.85,  -1.01,  -1.05,  -0.78,  -0.45,   0.02,   0.58,  -0.99,   3.22,   1.53,  -0.43,  -0.95,  -0.44,  -0.91,  -0.99,  -1.69,  -0.62,  -0.35,   0.04,  -0.97,  -0.26,  -1.27,   0.40,  -0.43,  -0.17,  -0.35,  -1.05,  -0.42
20041122,  -0.18,   0.60,  -1.13,   0.53,   0.32,   0.34,  -0.12,   1.93,   0.49,   0.57,   1.01,   0.67,   0.24,   0.84,   0.77,   0.03,   1.14,   0.55,   2.49,  -0.50,   0.84,   0.91,   0.74,   1.54,   0.28,   1.33,   0.51,   0.72,   4.93,   1.76,   1.21,   1.06,   0.89,   0.48,   0.69,   0.60,   1.42,   1.13,   2.52,   0.95,   1.31,   0.79,   0.43,   0.77,   1.09,   0.84,   0.36,   0.50
20041123,   0.92,  -0.10,   0.38,   0.34,   1.29,   0.66,  -0.15,   0.95,   0.39,   0.76,   0.15,   0.75,   0.01,   0.26,  -0.36,   0.45,   0.37,  -0.53,  -0.22,  -2.04,   0.20,   0.42,   0.37,  -0.10,   0.81,   1.07,  -2.15,  -0.35,   0.29,   1.32,   0.53,   0.29,   0.38,   0.57,   0.41,   0.15,  -0.18,   0.06,   0.31,   0.84,   0.07,   0.61,   0.72,   0.30,   0.46,   0.17,   1.14,   0.16
20041124,  -0.29,   0.25,   0.70,  -0.01,   0.06,   1.35,   0.88,   0.25,   1.39,   0.50,   0.86,   0.87,   0.53,   1.57,   0.30,  -0.30,   0.78,   1.79,   0.91,   0.58,   1.38,   1.61,   0.81,   0.83,   0.24,   1.05,   1.44,   1.55,   2.39,   1.43,   0.62,   0.44,   1.15,   0.84,   1.33,   1.05,   1.16,   1.48,   1.17,   0.76,   0.54,   0.88,   0.94,   0.50,   0.47,   1.20,   0.39,   1.21
20041126,   0.17,   0.79,   0.54,  -0.22,   0.70,   1.14,   0.75,   0.13,  -0.01,   0.22,   0.72,   0.37,   0.76,   0.03,   0.61,   1.27,   1.29,   0.82,   2.58,   2.67,   0.12,   0.49,   0.28,  -0.18,   0.49,   0.51,   2.68,   2.32,   3.15,   0.88,   0.47,   0.62,   0.04,   0.60,   0.81,   0.45,  -0.07,   0.35,  -0.35,   0.43,   0.10,   0.38,   0.09,   0.14,   0.24,  -0.01,   0.32,   0.33
20041129,   0.03,   0.68,  -0.24,   0.44,  -0.96,   2.29,   0.87,   0.04,   1.08,   0.61,   0.11,  -0.07,   0.67,   1.08,   0.39,  -0.80,   0.72,  -0.20,   0.04,  -0.71,   0.04,   0.86,  -0.04,   1.70,   0.58,   1.10,  -1.25,   0.01,  -0.74,   0.27,  -0.46,  -0.43,   0.82,   0.58,   0.33,   0.49,   0.84,   0.15,   1.76,   0.69,   0.61,   0.24,   0.64,   0.43,   0.45,   0.14,   0.51,   0.18
20041130,  -0.78,   0.08,  -0.31,  -0.08,   0.14,   1.49,  -0.04,   0.31,  -0.42,  -0.64,   0.66,   0.07,   0.23,  -0.40,  -0.80,   0.00,  -0.18,  -0.20,   0.14,  -1.02,  -0.32,  -0.29,  -0.21,   1.27,  -0.75,   2.33,  -3.17,  -0.69,   0.10,   0.41,  -0.49,  -0.27,  -0.57,  -0.10,   0.24,  -0.87,  -0.43,   0.54,   0.13,   0.06,   0.59,  -1.13,  -0.11,   0.19,   0.14,   0.40,  -0.18,   0.05
20041201,   1.05,   0.42,   0.23,  -0.23,  -0.29,  -0.19,   0.81,   1.32,   1.19,   1.29,   1.18,   1.26,   1.22,   1.43,   0.51,   0.39,   1.22,   0.69,  -0.02,   1.78,   0.92,   1.32,   1.08,  -0.40,   0.69,  -0.41,  -0.54,   0.74,  -2.37,  -1.70,  -0.29,   1.37,   1.55,   1.43,   1.58,   1.93,   2.03,   1.16,   1.49,   2.02,   1.11,   1.25,   1.10,   0.93,   1.02,   0.94,   0.79,   1.35
20041202,   0.04,   0.03,  -0.47,   0.21,   0.13,   0.10,   0.47,  -0.21,   0.47,   0.08,   0.77,   0.73,   1.04,  -0.76,  -0.07,  -0.17,   0.17,   0.36,  -2.17,   0.02,   0.38,  -0.26,   0.02,  -0.74,  -1.46,  -0.85,  -4.56,  -2.87,  -4.34,  -2.92,  -0.94,   1.14,   0.18,   0.69,   0.63,   0.57,   0.57,  -0.11,   0.47,  -0.02,   0.46,  -0.18,  -0.04,   0.07,  -0.08,   1.00,   0.35,  -0.39
20041203,  -0.39,   0.20,   1.30,   0.61,  -0.30,  -0.07,   0.43,  -0.57,  -0.63,   0.20,  -0.08,  -0.27,   0.30,   0.56,  -0.03,  -0.80,  -0.60,   0.92,   1.76,   0.11,   0.82,   0.04,  -0.09,  -0.63,   2.23,   1.99,   0.14,   0.71,   3.11,   1.19,   0.15,  -0.29,   0.00,   0.45,   0.15,   0.89,   1.39,  -0.37,  -0.42,   0.13,   0.38,  -0.73,  -0.59,  -0.34,   0.11,  -0.18,   0.11,   0.21
20041206,  -0.61,  -0.60,  -2.41,   0.20,   0.35,   0.28,   0.16,   0.84,  -1.21,  -0.13,  -0.37,   0.11,  -0.07,  -0.49,  -0.56,  -0.03,  -0.14,   0.23,  -0.73,  -0.37,  -0.30,   0.24,  -1.27,  -0.94,  -0.48,  -1.24,  -2.49,  -0.97,  -1.78,  -0.32,   0.31,   0.29,   0.21,   0.71,   1.42,   0.13,   0.34,  -0.34,  -0.27,  -0.73,   0.18,  -0.47,   0.09,  -0.35,  -0.08,  -0.03,  -0.20,   0.29
20041207,  -1.10,  -0.98,  -2.39,  -0.57,  -0.83,  -1.33,  -0.26,  -0.72,  -0.51,  -0.22,  -0.95,  -1.61,  -1.62,  -2.77,  -1.01,  -1.06,  -1.95,  -0.81,  -2.56,  -0.77,  -1.96,  -1.30,  -0.81,  -1.96,  -0.53,  -2.59,  -1.13,  -2.09,  -2.56,  -2.76,  -1.21,  -0.80,  -0.68,  -1.26,  -1.41,  -1.87,  -1.14,  -1.42,  -1.92,  -1.31,  -0.89,  -1.44,  -0.85,  -1.00,  -0.77,   0.11,  -1.23,  -1.04
20041208,   0.71,   0.59,   1.15,   0.12,  -0.31,   0.70,   0.28,   0.33,   1.43,   0.21,   1.56,   0.44,   0.82,   0.48,   0.01,   0.20,   0.73,   0.57,  -0.35,  -0.94,   0.33,  -0.02,   0.69,  -0.36,   1.18,  -1.14,  -2.09,  -0.65,  -0.51,   0.59,  -0.02,  -0.14,   0.97,   0.33,   0.59,  -0.45,   0.59,   0.42,   0.77,   0.26,   0.18,   0.96,   0.67,   0.56,   0.77,   0.01,   0.50,   0.76
20041209,  -0.05,   0.30,   0.23,   0.36,  -0.06,  -0.44,  -0.09,   0.46,   0.41,  -0.01,   0.77,   0.10,   0.43,   0.22,   0.85,  -0.20,  -0.55,   1.27,   0.54,  -0.13,  -0.03,  -0.02,  -0.07,  -0.35,  -0.97,  -0.67,   0.01,   1.04,   0.19,   0.61,   0.01,  -0.01,  -0.37,  -0.07,  -0.27,  -0.43,  -0.33,   0.15,   0.72,  -0.32,   0.29,   0.27,   0.26,  -0.03,   0.21,   0.26,  -0.01,   0.24
20041210,   0.74,   0.47,  -1.11,  -0.56,   0.05,   0.32,   0.96,   0.68,   0.55,   0.32,   0.80,   0.61,   0.45,  -0.12,  -0.23,  -0.41,   1.08,   2.62,   1.01,   0.50,   0.44,   0.22,   0.39,   0.29,  -0.01,   0.46,  -0.77,   1.47,  -0.29,  -0.41,   0.23,   1.07,  -0.02,   0.37,   0.55,   0.70,  -0.29,   0.15,   1.07,  -0.48,   0.16,   0.11,   0.14,   0.47,   0.58,   0.50,   0.49,   1.42
20041213,   0.75,   0.45,   0.54,   1.74,   0.31,   0.42,   0.96,  -0.04,   1.71,   0.25,   0.18,   0.78,   1.44,   1.60,   0.93,  -0.08,   1.23,   1.01,   2.57,   1.18,   1.14,   0.27,   1.50,   0.88,   0.94,   1.03,   3.99,   1.49,   3.72,   1.55,   1.22,   1.03,   0.30,   0.40,   0.87,   0.75,   0.87,   0.07,   1.60,   0.67,   0.98,   0.18,   0.52,   0.40,   0.52,   0.31,   0.62,  -0.24
20041214,   0.27,   0.63,  -0.14,   0.69,   1.60,   0.59,   0.86,   0.70,   0.25,   0.65,   0.52,   1.08,   0.88,   0.74,   0.10,   0.50,   0.75,   0.74,  -0.57,  -0.45,   1.23,   2.81,   0.45,  -0.03,   1.58,   0.65,  -2.57,  -1.02,  -0.85,   1.06,   0.27,   0.26,   1.94,   0.75,   1.19,   1.01,   0.36,   0.72,  -0.39,   0.77,   0.79,   1.12,   0.88,   0.29,   0.37,  -0.01,   0.80,   1.26
20041215,  -0.25,   0.52,  -0.43,   0.22,  -0.21,  -0.11,   0.32,   0.36,  -0.04,   0.83,   1.54,   0.97,   0.19,   1.82,   1.15,   1.08,   0.64,   2.21,   1.19,   0.52,   0.36,   0.83,   0.89,   0.79,   0.45,  -0.19,   2.87,   1.32,   0.75,   1.89,   0.75,   0.23,   1.00,   0.97,   0.56,   0.50,   1.06,   0.64,   1.30,   0.32,   0.61,   0.62,  -0.22,   0.29,   0.46,   0.44,   0.18,   0.38
20041216,   1.80,   0.29,   0.10,   0.61,   1.37,   0.21,   0.04,  -0.93,  -0.38,  -1.45,  -1.12,  -0.06,  -0.01,  -0.45,   0.26,   0.44,   0.13,   0.02,   0.18,  -0.46,  -0.02,  -0.46,  -0.39,  -0.39,   1.42,  -1.33,  -3.31,  -0.79,   0.14,  -0.62,  -0.14,   0.03,  -0.93,  -0.36,  -0.58,  -0.42,  -0.54,  -0.50,  -0.91,  -0.06,  -0.06,  -0.39,   0.43,  -0.45,  -0.47,   1.26,  -0.32,  -0.13
20041217,  -0.46,  -0.15,  -0.47,   0.04,  -0.49,  -0.03,   0.46,  -0.10,  -0.39,   2.32,   0.41,  -0.08,   0.41,  -0.36,   0.16,   0.49,  -0.28,  -0.22,   0.40,  -0.12,   0.07,   0.69,   0.37,   0.80,  -0.13,   1.82,   1.04,  -0.15,   2.42,   1.00,   0.55,   1.07,  -0.65,   0.16,  -0.06,   0.08,   0.59,   0.26,  -0.12,   0.30,   0.37,  -0.27,  -0.28,   0.11,   0.25,  -0.04,  -0.11,   0.32
20041220,  -0.55,   0.30,   0.21,   0.16,  -2.55,  -0.60,   0.17,  -0.43,  -0.64,  -0.71,  -1.13,  -0.45,  -1.19,  -0.32,  -2.05,  -0.49,  -0.28,  -0.44,   1.38,  -1.01,  -0.45,  -0.86,  -0.44,  -0.13,  -1.19,   0.88,   0.39,   0.87,  -0.53,   0.13,  -0.02,  -0.54,  -0.32,  -0.91,  -1.17,  -0.98,  -0.21,   0.35,  -0.67,  -0.03,  -0.85,  -0.55,  -0.17,  -0.08,  -0.35,  -0.42,  -0.09,  -0.31
20041221,  -0.50,   0.41,   0.17,   0.66,   1.97,   2.09,   1.12,   2.14,   0.77,   1.03,   0.47,   0.16,   0.19,   0.73,   1.79,   0.86,   0.59,   1.65,   3.72,   1.68,   0.69,   0.63,   0.54,   1.04,   1.10,  -0.75,   0.65,   0.89,   2.41,   1.17,   0.92,   0.60,   0.91,   0.80,   0.66,   0.89,   0.66,   0.76,   1.78,   1.46,   1.13,   1.01,   0.76,   0.66,   0.82,   0.59,   0.85,   2.36
20041222,   2.51,   0.79,  -0.30,  -0.37,   0.78,   0.75,   0.70,   0.42,   0.94,  -0.18,   1.89,   0.71,   1.05,   0.17,   1.24,   0.11,   0.53,   0.75,  -1.26,   1.28,   0.51,  -0.03,   0.77,  -0.15,  -1.80,   2.56,  -1.36,  -0.53,  -1.44,  -1.41,  -0.03,   0.59,   0.52,   0.67,   0.67,   0.47,  -0.32,   0.58,   0.09,   0.55,  -0.32,   1.12,   0.33,   0.18,   0.30,   1.39,   0.39,   0.84
20041223,   3.35,   0.39,   0.09,   0.24,  -0.05,   0.74,   0.18,  -0.22,  -0.26,   0.15,   1.23,   0.78,   0.32,   0.43,   1.80,  -0.31,   0.68,  -0.35,   0.62,   0.36,   0.55,   1.21,   0.18,  -0.14,   2.65,   0.89,   2.20,   0.29,  -0.34,   0.65,  -0.09,   0.23,   0.65,   0.68,   0.18,   0.67,   0.19,   0.09,   0.05,  -0.03,   0.48,   0.03,   0.15,   0.06,   0.00,   0.31,  -0.07,   0.71
20041227,   1.21,  -0.18,   1.03,  -0.15,  -0.25,   0.57,   0.23,   0.90,  -0.37,  -0.84,  -0.46,   0.15,  -0.44,  -0.50,  -1.07,  -0.58,  -0.28,  -1.21,  -0.54,   0.75,   0.80,  -0.81,  -0.36,  -0.79,   1.08,  -0.18,   0.09,  -0.14,  -2.35,  -1.77,  -0.67,   0.56,  -0.09,   0.52,  -0.05,  -0.50,   0.14,  -0.52,  -0.97,  -0.55,  -0.55,  -0.23,  -0.20,  -0.29,  -0.55,   1.09,  -0.03,  -0.34
20041228,  -0.24,   0.83,   0.64,   1.09,   0.84,   2.53,   1.30,   0.98,   0.75,   2.19,   1.35,   1.27,   1.28,   1.80,   1.41,   0.61,   1.13,   1.54,   1.96,   1.13,   1.49,   1.14,   2.06,   1.06,   0.77,  -0.59,  -0.20,   0.62,   1.87,   1.14,   0.69,   1.00,   0.87,   1.40,   1.38,   1.31,   2.05,   1.27,   1.48,   2.15,   1.52,   1.14,   1.59,   0.68,   1.10,   0.66,   0.87,   0.66
20041229,   0.20,   0.18,   0.02,  -0.02,  -0.34,   0.39,   0.14,  -0.53,   1.53,  -0.04,   0.59,   0.17,  -0.01,  -0.01,   0.28,  -0.19,   0.27,  -0.12,   0.24,   0.37,   0.51,   0.14,   0.57,   0.54,  -1.32,   2.49,  -0.70,   0.02,   0.33,   0.44,   0.03,   0.15,   0.37,   0.15,   0.92,   0.64,   0.44,  -0.20,  -0.32,  -0.20,   0.11,   0.39,   0.22,  -0.07,   0.00,   0.67,   0.12,   0.32
